{
  "pools": [
    {
      "conditions": [
        {
          "condition": "random_chance",
          "chance": 0.5
        }
      ],
      "rolls": 1,
      "entries": [
        {
          "type": "item",
          "name": "minecraft:written_book",
          "weight": 1,
          "functions": [
            {
              "function": "set_nbt",
              "tag": "{death_book_undis:1,pages:['{\"text\":\"This book is rotting, damaged, torn. It reeks of putrid death. Yet, despite its state of disrepair, it gives off a strange, dark power. Perhaps restoring this book could bring it back to its original glory.\"}','[{\"text\":\"You should start with the missing rotten page. Try surrounding a piece of paper with four pieces of rotten flesh.\n\"},{\"text\":\"\",\"color\":\"white\"}]','{\"text\":\"This item will need a special type of forge. Also, fixing this book will require an altar. You might be able to find these structures lying dormant in the world. Try activating them with soul torches.\"}'],title:\"Rotten Book\",author:Unknown}"
            }
          ]
        }
      ]
    }
  ]
}
