{
  "type": "minecraft:entity",
  "pools": [
    {
      "rolls": 1,
      "entries": [
        {
          "type": "minecraft:item",
          "name": "minecraft:zombie_spawn_egg",
          "functions": [
            {
              "function": "minecraft:set_nbt",
              "tag": "{Tags:[\"phylactery_item\"],CustomModelData:1010,display:{Name:'[{\"text\":\"Phylactery\",\"italic\":false}]'},EntityTag:{DeathLootTable:\"rpg:placed_items/phylactery\",Tags:[\"phylactery\"],IsBaby:1,CustomName:'[{\"text\":\"Phylactery\"}]',Health:.1,NoAI:1b,NoGravity:1b,PersistenceRequired:1b,Silent:1b,ActiveEffects:[{Id:14,Duration:999999,ShowParticles:0b},{Id:12,Duration:999999,ShowParticles:0b}],ArmorItems:[{},{},{},{id:flint,tag:{CustomModelData:1010},Count:1}],ArmorDropChances:[0F,0F,0F,0.00f]}}"
            }
          ]
        }
      ]
    }
  ]
}
