{
	"credit": "Made with Blockbench",
	"textures": {
		"0": "spells:item/customitems/abomination_egg",
		"particle": "spells:item/customitems/abomination_egg"
	},
	"elements": [
		{
			"from": [5, 10, 5],
			"to": [11, 12, 11],
			"faces": {
				"north": {"uv": [2, 12, 8, 14], "texture": "#0"},
				"east": {"uv": [2, 12, 8, 14], "texture": "#0"},
				"south": {"uv": [2, 12, 8, 14], "texture": "#0"},
				"west": {"uv": [2, 12, 8, 14], "texture": "#0"},
				"up": {"uv": [8, 2, 14, 8], "texture": "#0"},
				"down": {"uv": [8, 2, 14, 8], "texture": "#0"}
			}
		},
		{
			"from": [4, 0, 4],
			"to": [12, 2, 12],
			"faces": {
				"north": {"uv": [1, 13, 9, 15], "texture": "#0"},
				"east": {"uv": [1, 13, 9, 15], "texture": "#0"},
				"south": {"uv": [1, 13, 9, 15], "texture": "#0"},
				"west": {"uv": [1, 13, 9, 15], "texture": "#0"},
				"up": {"uv": [0, 0, 8, 8], "texture": "#0"},
				"down": {"uv": [8, 8, 16, 16], "texture": "#0"}
			}
		},
		{
			"from": [3, 2, 3],
			"to": [13, 7, 13],
			"faces": {
				"north": {"uv": [0, 11, 10, 16], "texture": "#0"},
				"east": {"uv": [0, 11, 10, 16], "texture": "#0"},
				"south": {"uv": [0, 11, 10, 16], "texture": "#0"},
				"west": {"uv": [0, 11, 10, 16], "texture": "#0"},
				"up": {"uv": [6, 0, 16, 10], "texture": "#0"},
				"down": {"uv": [6, 0, 16, 10], "texture": "#0"}
			}
		},
		{
			"from": [4, 7, 4],
			"to": [12, 10, 12],
			"faces": {
				"north": {"uv": [1, 12, 9, 15], "texture": "#0"},
				"east": {"uv": [1, 12, 9, 15], "texture": "#0"},
				"south": {"uv": [1, 12, 9, 15], "texture": "#0"},
				"west": {"uv": [1, 12, 9, 15], "texture": "#0"},
				"up": {"uv": [7, 1, 15, 9], "texture": "#0"},
				"down": {"uv": [7, 1, 15, 9], "texture": "#0"}
			}
		},
		{
			"from": [6.26903, 10.90433, 6],
			"to": [6.76903, 13.90433, 7],
			"rotation": {"angle": -22.5, "axis": "z", "origin": [6.5, 13, 6.5]},
			"faces": {
				"north": {"uv": [0, 0, 0.5, 3], "texture": "#0"},
				"east": {"uv": [0, 0, 1, 3], "texture": "#0"},
				"south": {"uv": [0, 0, 0.5, 3], "texture": "#0"},
				"west": {"uv": [0, 0, 1, 3], "texture": "#0"},
				"up": {"uv": [0, 0, 1, 1], "texture": "#0"},
				"down": {"uv": [0, 0, 0.5, 1], "texture": "#0"}
			}
		},
		{
			"from": [6, 11, 7.5],
			"to": [6.5, 14, 8.5],
			"rotation": {"angle": -22.5, "axis": "z", "origin": [6.25, 13, 8]},
			"faces": {
				"north": {"uv": [0, 0, 0.5, 3], "texture": "#0"},
				"east": {"uv": [0, 0, 1, 3], "texture": "#0"},
				"south": {"uv": [0, 0, 0.5, 3], "texture": "#0"},
				"west": {"uv": [0, 0, 1, 3], "texture": "#0"},
				"up": {"uv": [0, 0, 1, 1], "texture": "#0"},
				"down": {"uv": [0, 0, 0.5, 1], "texture": "#0"}
			}
		},
		{
			"from": [6.26903, 10.90433, 9],
			"to": [6.76903, 13.90433, 10],
			"rotation": {"angle": -22.5, "axis": "z", "origin": [6.5, 13, 9.5]},
			"faces": {
				"north": {"uv": [0, 0, 0.5, 3], "texture": "#0"},
				"east": {"uv": [0, 0, 1, 3], "texture": "#0"},
				"south": {"uv": [0, 0, 0.5, 3], "texture": "#0"},
				"west": {"uv": [0, 0, 1, 3], "texture": "#0"},
				"up": {"uv": [0, 0, 1, 1], "texture": "#0"},
				"down": {"uv": [0, 0, 0.5, 1], "texture": "#0"}
			}
		},
		{
			"from": [9.11679, 10.3303, 9],
			"to": [9.61679, 13.3303, 10],
			"rotation": {"angle": 22.5, "axis": "z", "origin": [8, 13, 8]},
			"faces": {
				"north": {"uv": [0, 0, 0.5, 1], "rotation": 180, "texture": "#0"},
				"east": {"uv": [0, 0, 1, 3], "rotation": 180, "texture": "#0"},
				"south": {"uv": [0, 0, 0.5, 1], "rotation": 180, "texture": "#0"},
				"west": {"uv": [0, 0, 1, 3], "rotation": 180, "texture": "#0"},
				"up": {"uv": [0, 0, 1, 1], "rotation": 180, "texture": "#0"},
				"down": {"uv": [0, 0, 0.5, 1], "rotation": 180, "texture": "#0"}
			}
		},
		{
			"from": [9.36679, 10.3303, 7.5],
			"to": [9.86679, 13.3303, 8.5],
			"rotation": {"angle": 22.5, "axis": "z", "origin": [8, 13, 8]},
			"faces": {
				"north": {"uv": [0, 0, 0.5, 1], "rotation": 180, "texture": "#0"},
				"east": {"uv": [0, 0, 1, 3], "rotation": 180, "texture": "#0"},
				"south": {"uv": [0, 0, 0.5, 1], "rotation": 180, "texture": "#0"},
				"west": {"uv": [0, 0, 1, 3], "rotation": 180, "texture": "#0"},
				"up": {"uv": [0, 0, 1, 1], "rotation": 180, "texture": "#0"},
				"down": {"uv": [0, 0, 0.5, 1], "rotation": 180, "texture": "#0"}
			}
		},
		{
			"from": [9.11679, 10.3303, 6],
			"to": [9.61679, 13.3303, 7],
			"rotation": {"angle": 22.5, "axis": "z", "origin": [8, 13, 8]},
			"faces": {
				"north": {"uv": [0, 0, 0.5, 1], "rotation": 180, "texture": "#0"},
				"east": {"uv": [0, 0, 1, 3], "rotation": 180, "texture": "#0"},
				"south": {"uv": [0, 0, 0.5, 1], "rotation": 180, "texture": "#0"},
				"west": {"uv": [0, 0, 1, 3], "rotation": 180, "texture": "#0"},
				"up": {"uv": [0, 0, 1, 1], "rotation": 180, "texture": "#0"},
				"down": {"uv": [0, 0, 0.5, 1], "rotation": 180, "texture": "#0"}
			}
		}
	],
	"display": {
		"ground": {
			"translation": [0, 4, 0]
		},
		"gui": {
			"translation": [0, 1.5, 0]
		},
		"head": {
			"translation": [0, -11.25, 0],
			"scale": [2.5, 2.5, 2.5]
		}
	},
	"groups": [
		{
			"name": "egg",
			"origin": [0, 0, 0],
			"color": 0,
			"children": [0, 1, 2, 3]
		},
		{
			"name": "teeth",
			"origin": [8, 8, 8],
			"color": 0,
			"children": [4, 5, 6]
		},
		{
			"name": "teeth",
			"origin": [8, 8, 8],
			"color": 0,
			"children": [7, 8, 9]
		}
	]
}