{
    "name": "rpg:death_crypt_extras",
    "fallback": "minecraft:empty",
    "elements": [
        {
            "weight": 1,
            "element": {
                "element_type": "minecraft:single_pool_element",
                "location": "rpg:death_crypt_extras1",
                "projection": "rigid",
                "processors": "minecraft:empty"
            }
        },
        {
            "weight": 1,
            "element": {
                "element_type": "minecraft:single_pool_element",
                "location": "rpg:death_crypt_extras2",
                "projection": "rigid",
                "processors": "minecraft:empty"
            }
        }
    ]
}
