{
  "type": "minecraft:entity",
  "pools": [
    {
      "rolls": 1,
      "entries": [
        {
          "type": "minecraft:item",
          "name": "minecraft:zombie_spawn_egg",
          "functions": [
            {
              "function": "minecraft:set_nbt",
              "tag": "{Tags:[\"abomination_egg\"],CustomModelData:1012,display:{Name:'[{\"text\":\"§5Abomination Egg\",\"italic\":false}]'},EntityTag:{DeathLootTable:\"rpg:boss_spawner/abomination_spawner\",Tags:[\"abomination_egg\"],IsBaby:1,CustomName:'[{\"text\":\"Abomination Egg\"}]',Health:.1,NoAI:1b,NoGravity:1b,PersistenceRequired:1b,Silent:1b,ActiveEffects:[{Id:14,Duration:999999,ShowParticles:0b},{Id:12,Duration:999999,ShowParticles:0b}],ArmorItems:[{},{},{},{id:flint,tag:{CustomModelData:1012},Count:1}],ArmorDropChances:[0F,0F,0F,0.00f]}}"
            }
          ]
        }
      ]
    }
  ]
}
