{
  "type": "minecraft:entity",
  "pools": [
    {
      "rolls": 1,
      "entries": [
        {
          "weight": 2,
          "type": "minecraft:item",
          "functions": [
            {
              "function": "minecraft:fill_player_head",
              "entity": "this"
            }
          ],
          "name": "minecraft:player_head"
        },
        {
          "weight": 8,
          "type": "minecraft:item",
          "name": "minecraft:air"
        }
      ]
    }
  ]
}
