{
    "type": "minecraft:entity",
    "pools": [
      {
        "rolls": 1.0,
        "bonus_rolls": 0.0,
        "entries": [
          {
            "type": "minecraft:item",
            "functions": [
              {
                "function": "minecraft:set_count",
                "count": {
                  "type": "minecraft:uniform",
                  "min": -1.0,
                  "max": 1.0
                },
                "add": false
              },
              {
                "function": "minecraft:looting_enchant",
                "count": {
                  "type": "minecraft:uniform",
                  "min": 0.0,
                  "max": 1.0
                }
              }
            ],
            "name": "minecraft:coal"
          }
        ]
      },
      {
        "rolls": 1.0,
        "bonus_rolls": 0.0,
        "entries": [
          {
            "type": "minecraft:item",
            "functions": [
              {
                "function": "minecraft:set_count",
                "count": {
                  "type": "minecraft:uniform",
                  "min": 0.0,
                  "max": 2.0
                },
                "add": false
              },
              {
                "function": "minecraft:looting_enchant",
                "count": {
                  "type": "minecraft:uniform",
                  "min": 0.0,
                  "max": 1.0
                }
              },
              {
                "function": "minecraft:set_nbt",
                "tag": "{wither_bone:1,CustomModelData:2027,display:{Name:'{\"text\":\"Wither Bone\",\"italic\":false}'}}"
              }
            ],
            "name": "minecraft:bone"
          }
        ]
      },
      {
        "rolls": 1.0,
        "bonus_rolls": 0.0,
        "entries": [
          {
            "type": "minecraft:item",
            "name": "minecraft:wither_skeleton_skull"
          }
        ],
        "conditions": [
          {
            "condition": "minecraft:killed_by_player"
          },
          {
            "condition": "minecraft:random_chance_with_looting",
            "chance": 0.025,
            "looting_multiplier": 0.01
          }
        ]
      }
    ]
  }