{
	"credit": "Made with Blockbench",
	"textures": {
		"0": "minecraft:item/fire_charge",
		"particle": "minecraft:item/fire_charge"
	},
	"elements": [
		{
			"from": [16, 16, 0],
			"to": [24, 32, 16],
			"faces": {
				"north": {"uv": [9, 4, 13, 12], "texture": "#0"},
				"east": {"uv": [4, 3, 12, 11], "texture": "#0"},
				"south": {"uv": [4, 4, 8, 12], "texture": "#0"},
				"west": {"uv": [4, 4, 12, 12], "texture": "#0"},
				"up": {"uv": [4, 4, 8, 12], "texture": "#0"},
				"down": {"uv": [5, 5, 9, 13], "texture": "#0"}
			}
		},
		{
			"from": [-8, 16, 0],
			"to": [0, 32, 16],
			"faces": {
				"north": {"uv": [9, 4, 13, 12], "texture": "#0"},
				"east": {"uv": [4, 3, 12, 11], "texture": "#0"},
				"south": {"uv": [4, 4, 8, 12], "texture": "#0"},
				"west": {"uv": [4, 4, 12, 12], "texture": "#0"},
				"up": {"uv": [4, 4, 8, 12], "texture": "#0"},
				"down": {"uv": [5, 5, 9, 13], "texture": "#0"}
			}
		},
		{
			"from": [0, 16, 16],
			"to": [16, 32, 24],
			"faces": {
				"north": {"uv": [4, 4, 12, 12], "texture": "#0"},
				"east": {"uv": [5, 3, 9, 11], "texture": "#0"},
				"south": {"uv": [3, 4, 11, 12], "texture": "#0"},
				"west": {"uv": [6, 4, 10, 12], "texture": "#0"},
				"up": {"uv": [4, 7, 12, 11], "texture": "#0"},
				"down": {"uv": [4, 6, 12, 10], "texture": "#0"}
			}
		},
		{
			"from": [0, 16, -8],
			"to": [16, 32, 0],
			"faces": {
				"north": {"uv": [4, 4, 12, 12], "texture": "#0"},
				"east": {"uv": [5, 3, 9, 11], "texture": "#0"},
				"south": {"uv": [3, 4, 11, 12], "texture": "#0"},
				"west": {"uv": [6, 4, 10, 12], "texture": "#0"},
				"up": {"uv": [4, 7, 12, 11], "texture": "#0"},
				"down": {"uv": [4, 6, 12, 10], "texture": "#0"}
			}
		},
		{
			"from": [0, 16, 0],
			"to": [16, 32, 16],
			"faces": {
				"north": {"uv": [4, 4, 12, 12], "texture": "#0"},
				"east": {"uv": [4, 4, 12, 12], "texture": "#0"},
				"south": {"uv": [4, 4, 12, 12], "texture": "#0"},
				"west": {"uv": [4, 4, 12, 12], "texture": "#0"},
				"up": {"uv": [4, 4, 12, 12], "texture": "#0"},
				"down": {"uv": [4, 4, 12, 12], "texture": "#0"}
			}
		},
		{
			"from": [16, -16, 0],
			"to": [24, 0, 16],
			"faces": {
				"north": {"uv": [9, 4, 13, 12], "texture": "#0"},
				"east": {"uv": [4, 3, 12, 11], "texture": "#0"},
				"south": {"uv": [4, 4, 8, 12], "texture": "#0"},
				"west": {"uv": [4, 4, 12, 12], "texture": "#0"},
				"up": {"uv": [4, 4, 8, 12], "texture": "#0"},
				"down": {"uv": [5, 5, 9, 13], "texture": "#0"}
			}
		},
		{
			"from": [-8, -16, 0],
			"to": [0, 0, 16],
			"faces": {
				"north": {"uv": [9, 4, 13, 12], "texture": "#0"},
				"east": {"uv": [4, 3, 12, 11], "texture": "#0"},
				"south": {"uv": [4, 4, 8, 12], "texture": "#0"},
				"west": {"uv": [4, 4, 12, 12], "texture": "#0"},
				"up": {"uv": [4, 4, 8, 12], "texture": "#0"},
				"down": {"uv": [5, 5, 9, 13], "texture": "#0"}
			}
		},
		{
			"from": [-8, -8, -8],
			"to": [0, 0, 0],
			"faces": {
				"north": {"uv": [6, 5, 10, 9], "texture": "#0"},
				"east": {"uv": [6, 5, 10, 9], "texture": "#0"},
				"south": {"uv": [6, 5, 10, 9], "texture": "#0"},
				"west": {"uv": [6, 5, 10, 9], "texture": "#0"},
				"up": {"uv": [6, 5, 10, 9], "texture": "#0"},
				"down": {"uv": [6, 5, 10, 9], "texture": "#0"}
			}
		},
		{
			"from": [-8, -8, 16],
			"to": [0, 0, 24],
			"faces": {
				"north": {"uv": [6, 5, 10, 9], "texture": "#0"},
				"east": {"uv": [6, 5, 10, 9], "texture": "#0"},
				"south": {"uv": [6, 5, 10, 9], "texture": "#0"},
				"west": {"uv": [6, 5, 10, 9], "texture": "#0"},
				"up": {"uv": [6, 5, 10, 9], "texture": "#0"},
				"down": {"uv": [6, 5, 10, 9], "texture": "#0"}
			}
		},
		{
			"from": [16, -8, 16],
			"to": [24, 0, 24],
			"faces": {
				"north": {"uv": [6, 5, 10, 9], "texture": "#0"},
				"east": {"uv": [6, 5, 10, 9], "texture": "#0"},
				"south": {"uv": [6, 5, 10, 9], "texture": "#0"},
				"west": {"uv": [6, 5, 10, 9], "texture": "#0"},
				"up": {"uv": [6, 5, 10, 9], "texture": "#0"},
				"down": {"uv": [6, 5, 10, 9], "texture": "#0"}
			}
		},
		{
			"from": [16, -8, -8],
			"to": [24, 0, 0],
			"faces": {
				"north": {"uv": [6, 5, 10, 9], "texture": "#0"},
				"east": {"uv": [6, 5, 10, 9], "texture": "#0"},
				"south": {"uv": [6, 5, 10, 9], "texture": "#0"},
				"west": {"uv": [6, 5, 10, 9], "texture": "#0"},
				"up": {"uv": [6, 5, 10, 9], "texture": "#0"},
				"down": {"uv": [6, 5, 10, 9], "texture": "#0"}
			}
		},
		{
			"from": [16, 16, -8],
			"to": [24, 24, 0],
			"faces": {
				"north": {"uv": [6, 5, 10, 9], "texture": "#0"},
				"east": {"uv": [6, 5, 10, 9], "texture": "#0"},
				"south": {"uv": [6, 5, 10, 9], "texture": "#0"},
				"west": {"uv": [6, 5, 10, 9], "texture": "#0"},
				"up": {"uv": [6, 5, 10, 9], "texture": "#0"},
				"down": {"uv": [6, 5, 10, 9], "texture": "#0"}
			}
		},
		{
			"from": [16, 0, -16],
			"to": [24, 16, -8],
			"faces": {
				"north": {"uv": [6, 4, 10, 12], "texture": "#0"},
				"east": {"uv": [4, 4, 8, 12], "texture": "#0"},
				"south": {"uv": [6, 3, 10, 11], "texture": "#0"},
				"west": {"uv": [8, 4, 12, 12], "texture": "#0"},
				"up": {"uv": [7, 4, 11, 8], "texture": "#0"},
				"down": {"uv": [4, 8, 8, 12], "texture": "#0"}
			}
		},
		{
			"from": [-8, 0, -16],
			"to": [0, 16, -8],
			"faces": {
				"north": {"uv": [6, 4, 10, 12], "texture": "#0"},
				"east": {"uv": [4, 4, 8, 12], "texture": "#0"},
				"south": {"uv": [6, 3, 10, 11], "texture": "#0"},
				"west": {"uv": [8, 4, 12, 12], "texture": "#0"},
				"up": {"uv": [7, 4, 11, 8], "texture": "#0"},
				"down": {"uv": [4, 8, 8, 12], "texture": "#0"}
			}
		},
		{
			"from": [-8, 0, 24],
			"to": [0, 16, 32],
			"faces": {
				"north": {"uv": [6, 4, 10, 12], "texture": "#0"},
				"east": {"uv": [4, 4, 8, 12], "texture": "#0"},
				"south": {"uv": [6, 3, 10, 11], "texture": "#0"},
				"west": {"uv": [8, 4, 12, 12], "texture": "#0"},
				"up": {"uv": [7, 4, 11, 8], "texture": "#0"},
				"down": {"uv": [4, 8, 8, 12], "texture": "#0"}
			}
		},
		{
			"from": [16, 0, 24],
			"to": [24, 16, 32],
			"faces": {
				"north": {"uv": [6, 4, 10, 12], "texture": "#0"},
				"east": {"uv": [4, 4, 8, 12], "texture": "#0"},
				"south": {"uv": [6, 3, 10, 11], "texture": "#0"},
				"west": {"uv": [8, 4, 12, 12], "texture": "#0"},
				"up": {"uv": [7, 4, 11, 8], "texture": "#0"},
				"down": {"uv": [4, 8, 8, 12], "texture": "#0"}
			}
		},
		{
			"from": [-8, 16, -8],
			"to": [0, 24, 0],
			"faces": {
				"north": {"uv": [6, 5, 10, 9], "texture": "#0"},
				"east": {"uv": [6, 5, 10, 9], "texture": "#0"},
				"south": {"uv": [6, 5, 10, 9], "texture": "#0"},
				"west": {"uv": [6, 5, 10, 9], "texture": "#0"},
				"up": {"uv": [6, 5, 10, 9], "texture": "#0"},
				"down": {"uv": [6, 5, 10, 9], "texture": "#0"}
			}
		},
		{
			"from": [-16, 16, 0],
			"to": [-8, 24, 16],
			"faces": {
				"north": {"uv": [4, 4, 8, 8], "texture": "#0"},
				"east": {"uv": [3, 8, 11, 12], "texture": "#0"},
				"south": {"uv": [6, 6, 10, 10], "texture": "#0"},
				"west": {"uv": [5, 5, 13, 9], "texture": "#0"},
				"up": {"uv": [4, 4, 8, 12], "texture": "#0"},
				"down": {"uv": [5, 12, 9, 4], "texture": "#0"}
			}
		},
		{
			"from": [24, 16, 0],
			"to": [32, 24, 16],
			"faces": {
				"north": {"uv": [4, 4, 8, 8], "texture": "#0"},
				"east": {"uv": [3, 8, 11, 12], "texture": "#0"},
				"south": {"uv": [6, 6, 10, 10], "texture": "#0"},
				"west": {"uv": [5, 5, 13, 9], "texture": "#0"},
				"up": {"uv": [4, 4, 8, 12], "texture": "#0"},
				"down": {"uv": [5, 12, 9, 4], "texture": "#0"}
			}
		},
		{
			"from": [24, -8, 0],
			"to": [32, 0, 16],
			"faces": {
				"north": {"uv": [4, 4, 8, 8], "texture": "#0"},
				"east": {"uv": [3, 8, 11, 12], "texture": "#0"},
				"south": {"uv": [6, 6, 10, 10], "texture": "#0"},
				"west": {"uv": [5, 5, 13, 9], "texture": "#0"},
				"up": {"uv": [4, 4, 8, 12], "texture": "#0"},
				"down": {"uv": [5, 12, 9, 4], "texture": "#0"}
			}
		},
		{
			"from": [-16, -8, 0],
			"to": [-8, 0, 16],
			"faces": {
				"north": {"uv": [4, 4, 8, 8], "texture": "#0"},
				"east": {"uv": [3, 8, 11, 12], "texture": "#0"},
				"south": {"uv": [6, 6, 10, 10], "texture": "#0"},
				"west": {"uv": [5, 5, 13, 9], "texture": "#0"},
				"up": {"uv": [4, 4, 8, 12], "texture": "#0"},
				"down": {"uv": [5, 12, 9, 4], "texture": "#0"}
			}
		},
		{
			"from": [-8, 16, 16],
			"to": [0, 24, 24],
			"faces": {
				"north": {"uv": [6, 5, 10, 9], "texture": "#0"},
				"east": {"uv": [6, 5, 10, 9], "texture": "#0"},
				"south": {"uv": [6, 5, 10, 9], "texture": "#0"},
				"west": {"uv": [6, 5, 10, 9], "texture": "#0"},
				"up": {"uv": [6, 5, 10, 9], "texture": "#0"},
				"down": {"uv": [6, 5, 10, 9], "texture": "#0"}
			}
		},
		{
			"from": [16, 16, 16],
			"to": [24, 24, 24],
			"faces": {
				"north": {"uv": [6, 5, 10, 9], "texture": "#0"},
				"east": {"uv": [6, 5, 10, 9], "texture": "#0"},
				"south": {"uv": [6, 5, 10, 9], "texture": "#0"},
				"west": {"uv": [6, 5, 10, 9], "texture": "#0"},
				"up": {"uv": [6, 5, 10, 9], "texture": "#0"},
				"down": {"uv": [6, 5, 10, 9], "texture": "#0"}
			}
		},
		{
			"from": [0, 16, 24],
			"to": [16, 24, 32],
			"faces": {
				"north": {"uv": [3, 5, 11, 9], "texture": "#0"},
				"east": {"uv": [5, 3, 9, 7], "texture": "#0"},
				"south": {"uv": [4, 5, 12, 9], "texture": "#0"},
				"west": {"uv": [6, 4, 10, 8], "texture": "#0"},
				"up": {"uv": [4, 7, 12, 11], "texture": "#0"},
				"down": {"uv": [4, 6, 12, 10], "texture": "#0"}
			}
		},
		{
			"from": [0, -8, 24],
			"to": [16, 0, 32],
			"faces": {
				"north": {"uv": [3, 5, 11, 9], "texture": "#0"},
				"east": {"uv": [5, 3, 9, 7], "texture": "#0"},
				"south": {"uv": [4, 5, 12, 9], "texture": "#0"},
				"west": {"uv": [6, 4, 10, 8], "texture": "#0"},
				"up": {"uv": [4, 7, 12, 11], "texture": "#0"},
				"down": {"uv": [4, 6, 12, 10], "texture": "#0"}
			}
		},
		{
			"from": [0, -8, -16],
			"to": [16, 0, -8],
			"faces": {
				"north": {"uv": [3, 5, 11, 9], "texture": "#0"},
				"east": {"uv": [5, 3, 9, 7], "texture": "#0"},
				"south": {"uv": [4, 5, 12, 9], "texture": "#0"},
				"west": {"uv": [6, 4, 10, 8], "texture": "#0"},
				"up": {"uv": [4, 7, 12, 11], "texture": "#0"},
				"down": {"uv": [4, 6, 12, 10], "texture": "#0"}
			}
		},
		{
			"from": [0, 16, -16],
			"to": [16, 24, -8],
			"faces": {
				"north": {"uv": [3, 5, 11, 9], "texture": "#0"},
				"east": {"uv": [5, 3, 9, 7], "texture": "#0"},
				"south": {"uv": [4, 5, 12, 9], "texture": "#0"},
				"west": {"uv": [6, 4, 10, 8], "texture": "#0"},
				"up": {"uv": [4, 7, 12, 11], "texture": "#0"},
				"down": {"uv": [4, 6, 12, 10], "texture": "#0"}
			}
		},
		{
			"from": [0, -16, -8],
			"to": [16, 0, 0],
			"faces": {
				"north": {"uv": [4, 4, 12, 12], "texture": "#0"},
				"east": {"uv": [5, 3, 9, 11], "texture": "#0"},
				"south": {"uv": [3, 4, 11, 12], "texture": "#0"},
				"west": {"uv": [6, 4, 10, 12], "texture": "#0"},
				"up": {"uv": [4, 7, 12, 11], "texture": "#0"},
				"down": {"uv": [4, 6, 12, 10], "texture": "#0"}
			}
		},
		{
			"from": [0, -16, 0],
			"to": [16, 0, 16],
			"faces": {
				"north": {"uv": [4, 4, 12, 12], "texture": "#0"},
				"east": {"uv": [4, 4, 12, 12], "texture": "#0"},
				"south": {"uv": [4, 4, 12, 12], "texture": "#0"},
				"west": {"uv": [4, 4, 12, 12], "texture": "#0"},
				"up": {"uv": [4, 4, 12, 12], "texture": "#0"},
				"down": {"uv": [4, 4, 12, 12], "texture": "#0"}
			}
		},
		{
			"from": [0, -16, 16],
			"to": [16, 0, 24],
			"faces": {
				"north": {"uv": [4, 4, 12, 12], "texture": "#0"},
				"east": {"uv": [5, 3, 9, 11], "texture": "#0"},
				"south": {"uv": [3, 4, 11, 12], "texture": "#0"},
				"west": {"uv": [6, 4, 10, 12], "texture": "#0"},
				"up": {"uv": [4, 7, 12, 11], "texture": "#0"},
				"down": {"uv": [4, 6, 12, 10], "texture": "#0"}
			}
		},
		{
			"from": [0, 0, 16],
			"to": [16, 16, 32],
			"faces": {
				"north": {"uv": [4, 4, 12, 12], "texture": "#0"},
				"east": {"uv": [4, 4, 12, 12], "texture": "#0"},
				"south": {"uv": [4, 4, 12, 12], "texture": "#0"},
				"west": {"uv": [4, 4, 12, 12], "texture": "#0"},
				"up": {"uv": [4, 4, 12, 12], "texture": "#0"},
				"down": {"uv": [4, 4, 12, 12], "texture": "#0"}
			}
		},
		{
			"from": [-16, 0, 16],
			"to": [0, 16, 24],
			"faces": {
				"north": {"uv": [4, 3, 12, 11], "texture": "#0"},
				"east": {"uv": [4, 4, 8, 12], "texture": "#0"},
				"south": {"uv": [4, 4, 12, 12], "texture": "#0"},
				"west": {"uv": [6, 2, 10, 10], "texture": "#0"},
				"up": {"uv": [3, 4, 11, 8], "texture": "#0"},
				"down": {"uv": [3, 7, 11, 11], "texture": "#0"}
			}
		},
		{
			"from": [16, 0, 16],
			"to": [32, 16, 24],
			"faces": {
				"north": {"uv": [4, 3, 12, 11], "texture": "#0"},
				"east": {"uv": [4, 4, 8, 12], "texture": "#0"},
				"south": {"uv": [4, 4, 12, 12], "texture": "#0"},
				"west": {"uv": [6, 2, 10, 10], "texture": "#0"},
				"up": {"uv": [3, 4, 11, 8], "texture": "#0"},
				"down": {"uv": [3, 7, 11, 11], "texture": "#0"}
			}
		},
		{
			"from": [0, 0, -16],
			"to": [16, 16, 0],
			"faces": {
				"north": {"uv": [4, 4, 12, 12], "texture": "#0"},
				"east": {"uv": [4, 4, 12, 12], "texture": "#0"},
				"south": {"uv": [4, 4, 12, 12], "texture": "#0"},
				"west": {"uv": [4, 4, 12, 12], "texture": "#0"},
				"up": {"uv": [4, 4, 12, 12], "texture": "#0"},
				"down": {"uv": [4, 4, 12, 12], "texture": "#0"}
			}
		},
		{
			"from": [16, 0, -8],
			"to": [32, 16, 0],
			"faces": {
				"north": {"uv": [4, 3, 12, 11], "texture": "#0"},
				"east": {"uv": [4, 4, 8, 12], "texture": "#0"},
				"south": {"uv": [4, 4, 12, 12], "texture": "#0"},
				"west": {"uv": [6, 2, 10, 10], "texture": "#0"},
				"up": {"uv": [3, 4, 11, 8], "texture": "#0"},
				"down": {"uv": [3, 7, 11, 11], "texture": "#0"}
			}
		},
		{
			"from": [16, 0, 0],
			"to": [32, 16, 16],
			"faces": {
				"north": {"uv": [4, 4, 12, 12], "texture": "#0"},
				"east": {"uv": [4, 4, 12, 12], "texture": "#0"},
				"south": {"uv": [4, 4, 12, 12], "texture": "#0"},
				"west": {"uv": [4, 4, 12, 12], "texture": "#0"},
				"up": {"uv": [4, 4, 12, 12], "texture": "#0"},
				"down": {"uv": [4, 4, 12, 12], "texture": "#0"}
			}
		},
		{
			"from": [-16, 0, -8],
			"to": [0, 16, 0],
			"faces": {
				"north": {"uv": [4, 3, 12, 11], "texture": "#0"},
				"east": {"uv": [4, 4, 8, 12], "texture": "#0"},
				"south": {"uv": [4, 4, 12, 12], "texture": "#0"},
				"west": {"uv": [6, 2, 10, 10], "texture": "#0"},
				"up": {"uv": [3, 4, 11, 8], "texture": "#0"},
				"down": {"uv": [3, 7, 11, 11], "texture": "#0"}
			}
		},
		{
			"from": [-16, 0, 0],
			"to": [0, 16, 16],
			"faces": {
				"north": {"uv": [4, 4, 12, 12], "texture": "#0"},
				"east": {"uv": [4, 4, 12, 12], "texture": "#0"},
				"south": {"uv": [4, 4, 12, 12], "texture": "#0"},
				"west": {"uv": [4, 4, 12, 12], "texture": "#0"},
				"up": {"uv": [4, 4, 12, 12], "texture": "#0"},
				"down": {"uv": [4, 4, 12, 12], "texture": "#0"}
			}
		}
	],
	"display": {
		"thirdperson_righthand": {
			"scale": [2, 2, 2]
		},
		"firstperson_righthand": {
			"scale": [0.2, 0.2, 0.2]
		},
		"firstperson_lefthand": {
			"scale": [0.2, 0.2, 0.2]
		},
		"gui": {
			"rotation": [30, 30, 0],
			"scale": [0.2, 0.2, 0.2]
		}
	}
}