{
	"credit": "Made with Blockbench",
	"textures": {
		"0": "minecraft:entity/skeleton/skeleton",
		"1": "minecraft:block/gold_block",
		"2": "minecraft:block/purple_terracotta",
		"3": "minecraft:block/magenta_stained_glass",
		"particle": "minecraft:entity/skeleton/skeleton"
	},
	"elements": [
		{
			"name": "bottom",
			"from": [5, 0, 5],
			"to": [11, 1, 11],
			"rotation": {"angle": 45, "axis": "y", "origin": [8, 13, 8]},
			"faces": {
				"north": {"uv": [0, 15, 6, 16], "texture": "#1"},
				"east": {"uv": [10, 15, 16, 16], "texture": "#1"},
				"south": {"uv": [6, 15, 12, 16], "texture": "#1"},
				"west": {"uv": [2, 15, 8, 16], "texture": "#1"},
				"up": {"uv": [0, 0, 6, 6], "texture": "#1"},
				"down": {"uv": [0, 0, 6, 6], "texture": "#1"}
			}
		},
		{
			"name": "middle",
			"from": [4, 1, 4],
			"to": [12, 6, 12],
			"rotation": {"angle": 45, "axis": "y", "origin": [8, 11, 8]},
			"faces": {
				"north": {"uv": [0, 0, 8, 5], "texture": "#2"},
				"east": {"uv": [0, 0, 8, 5], "texture": "#2"},
				"south": {"uv": [0, 0, 8, 5], "texture": "#2"},
				"west": {"uv": [0, 0, 8, 5], "texture": "#2"},
				"up": {"uv": [0, 0, 8, 8], "texture": "#2"},
				"down": {"uv": [0, 0, 8, 8], "texture": "#2"}
			}
		},
		{
			"name": "top1",
			"from": [4.5, 5, 4.5],
			"to": [11.5, 8, 11.5],
			"rotation": {"angle": 45, "axis": "y", "origin": [8, 13, 8]},
			"faces": {
				"north": {"uv": [0, 0, 16, 8], "texture": "#1"},
				"east": {"uv": [0, 0, 16, 8], "texture": "#1"},
				"south": {"uv": [0, 0, 16, 8], "texture": "#1"},
				"west": {"uv": [0, 0, 16, 8], "texture": "#1"},
				"up": {"uv": [0, 0, 7, 7], "texture": "#1"},
				"down": {"uv": [0, 0, 7, 7], "texture": "#1"}
			}
		},
		{
			"name": "top2",
			"from": [5, 8, 5],
			"to": [11, 10, 11],
			"rotation": {"angle": 45, "axis": "y", "origin": [8, 16, 8]},
			"faces": {
				"north": {"uv": [0, 0, 6, 2], "texture": "#2"},
				"east": {"uv": [0, 0, 6, 2], "texture": "#2"},
				"south": {"uv": [0, 0, 6, 2], "texture": "#2"},
				"west": {"uv": [0, 0, 6, 2], "texture": "#2"},
				"up": {"uv": [0, 0, 6, 6], "texture": "#2"},
				"down": {"uv": [0, 0, 6, 6], "texture": "#2"}
			}
		},
		{
			"name": "top3",
			"from": [5.5, 10, 5.5],
			"to": [10.5, 11, 10.5],
			"rotation": {"angle": 45, "axis": "y", "origin": [8, 18, 8]},
			"faces": {
				"north": {"uv": [0, 0, 5, 1], "texture": "#2"},
				"east": {"uv": [0, 0, 5, 1], "texture": "#2"},
				"south": {"uv": [0, 0, 5, 1], "texture": "#2"},
				"west": {"uv": [0, 0, 5, 1], "texture": "#2"},
				"up": {"uv": [0, 0, 5, 5], "texture": "#2"},
				"down": {"uv": [0, 0, 5, 5], "texture": "#2"}
			}
		},
		{
			"name": "gem",
			"from": [6, 13, 0],
			"to": [10, 17, 4],
			"rotation": {"angle": -45, "axis": "x", "origin": [14, 21, 8]},
			"faces": {
				"north": {"uv": [5, 5, 9, 9], "texture": "#3"},
				"east": {"uv": [5, 4, 9, 8], "texture": "#3"},
				"south": {"uv": [6, 4, 10, 8], "texture": "#3"},
				"west": {"uv": [5, 4, 9, 8], "texture": "#3"},
				"up": {"uv": [6, 5, 10, 9], "texture": "#3"},
				"down": {"uv": [6, 4, 10, 8], "texture": "#3"}
			}
		},
		{
			"name": "skull1",
			"from": [4, 1.5, 4],
			"to": [8, 5.5, 8],
			"rotation": {"angle": 45, "axis": "y", "origin": [6, 7.5, 6]},
			"faces": {
				"north": {"uv": [2, 4, 4, 8], "texture": "#0"},
				"east": {"uv": [2.5, 4, 4.5, 8], "texture": "#0"},
				"south": {"uv": [4, 4, 8, 8], "texture": "#0"},
				"west": {"uv": [4, 4, 6, 8], "texture": "#0"},
				"up": {"uv": [2, 0, 4, 4], "rotation": 180, "texture": "#0"},
				"down": {"uv": [2, 0, 4, 4], "texture": "#0"}
			}
		},
		{
			"name": "skull2",
			"from": [4, 1.5, 8],
			"to": [8, 5.5, 12],
			"rotation": {"angle": 45, "axis": "y", "origin": [6, 7.5, 10]},
			"faces": {
				"north": {"uv": [2.5, 4, 4.5, 8], "texture": "#0"},
				"east": {"uv": [4, 4, 8, 8], "texture": "#0"},
				"south": {"uv": [4, 4, 6, 8], "texture": "#0"},
				"west": {"uv": [2, 4, 4, 8], "texture": "#0"},
				"up": {"uv": [2, 0, 4, 4], "rotation": 90, "texture": "#0"},
				"down": {"uv": [2, 0, 4, 4], "rotation": 90, "texture": "#0"}
			}
		},
		{
			"name": "skull3",
			"from": [8, 1.5, 8],
			"to": [12, 5.5, 12],
			"rotation": {"angle": 45, "axis": "y", "origin": [10, 7.5, 10]},
			"faces": {
				"north": {"uv": [4, 4, 8, 8], "texture": "#0"},
				"east": {"uv": [4, 4, 6, 8], "texture": "#0"},
				"south": {"uv": [2, 4, 4, 8], "texture": "#0"},
				"west": {"uv": [2.5, 4, 4.5, 8], "texture": "#0"},
				"up": {"uv": [2, 0, 4, 4], "texture": "#0"},
				"down": {"uv": [2, 0, 4, 4], "rotation": 180, "texture": "#0"}
			}
		},
		{
			"name": "skull4",
			"from": [8, 1.5, 4],
			"to": [12, 5.5, 8],
			"rotation": {"angle": 45, "axis": "y", "origin": [10, 7.5, 6]},
			"faces": {
				"north": {"uv": [4, 4, 6, 8], "texture": "#0"},
				"east": {"uv": [2, 4, 4, 8], "texture": "#0"},
				"south": {"uv": [2.5, 4, 4.5, 8], "texture": "#0"},
				"west": {"uv": [4, 4, 8, 8], "texture": "#0"},
				"up": {"uv": [2, 0, 4, 4], "rotation": 270, "texture": "#0"},
				"down": {"uv": [2, 0, 4, 4], "rotation": 270, "texture": "#0"}
			}
		}
	],
	"display": {
		"thirdperson_righthand": {
			"translation": [0, 3, 0],
			"scale": [0.5, 0.5, 0.5]
		},
		"head": {
			"translation": [0, -7.25, 0],
			"scale": [3, 3, 3]
		}
	},
	"groups": [0, 1,
		{
			"name": "top",
			"origin": [8, 8, 8],
			"children": [2, 3, 4]
		}, 5,
		{
			"name": "skulls",
			"origin": [8, 8, 8],
			"children": [6, 7, 8, 9]
		}
	]
}