{
	"credit": "Made with Blockbench",
	"textures": {
		"0": "spells:item/spells/scroll",
		"particle": "spells:item/spells/scroll"
	},
	"elements": [
		{
			"from": [7, 0, 7],
			"to": [9, 12, 9],
			"rotation": {"angle": 0, "axis": "y", "origin": [16, 8, 15]},
			"faces": {
				"north": {"uv": [0, 0, 2, 12], "texture": "#0"},
				"east": {"uv": [6, 0, 8, 12], "texture": "#0"},
				"south": {"uv": [2, 0, 4, 12], "texture": "#0"},
				"west": {"uv": [4, 0, 6, 12], "texture": "#0"},
				"up": {"uv": [0, 0, 2, 2], "texture": "#0"},
				"down": {"uv": [0, 0, 2, 2], "texture": "#0"}
			}
		},
		{
			"from": [3.25, 0, 9.5],
			"to": [3.75, 12, 10.5],
			"rotation": {"angle": -22.5, "axis": "y", "origin": [11.25, 8, 17.5]},
			"faces": {
				"north": {"uv": [0, 0, 0.5, 12], "texture": "#0"},
				"east": {"uv": [0, 0, 1, 12], "texture": "#0"},
				"south": {"uv": [0, 0, 0.5, 12], "texture": "#0"},
				"west": {"uv": [5, 2, 6, 14], "texture": "#0"},
				"up": {"uv": [0, 0, 0.5, 1], "texture": "#0"},
				"down": {"uv": [0, 0, 0.5, 1], "texture": "#0"}
			}
		}
	],
	"display": {
		"gui": {
			"rotation": [-43, 12, 35],
			"translation": [-1.25, 2.25, 0],
			"scale": [1.5, 1.5, 1.5]
		}
	}
}