{
    "music_disc.faroverthemistymountainscold": {
        "sounds": [
            {
                "name": "custom_music:records/faroverthemistymountainscold",
                "stream": true
            }
        ]
    },
    "music_disc.magiiseverything": {
        "sounds": [
            {
                "name": "custom_music:records/magiiseverything",
                "stream": true
            }
        ]
    },
    "music_disc.ragnarostheme": {
        "sounds": [
            {
                "name": "custom_music:records/ragnarostheme",
                "stream": true
            }
        ]
    },
    "music_disc.thedruidstone": {
        "sounds": [
            {
                "name": "custom_music:records/thedruidstone",
                "stream": true
            }
        ]
    }
}