{
    "parent": "minecraft:item/generated",
    "textures": {
      "layer0": "minecraft:item/leather_leggings",
      "layer1": "minecraft:item/leather_leggings_overlay"
    },
  
    "overrides": [
      {"predicate":{"custom_model_data":1022}, "model": "spells:item/armor/elder_lich_legs"},
      {"predicate":{"custom_model_data":1023}, "model": "spells:item/armor/abomination_legs"},
      {"predicate":{"custom_model_data":1024}, "model": "spells:item/armor/necromancer_legs"},
      {"predicate":{"custom_model_data":1025}, "model": "spells:item/armor/plague_knight_legs"},
      {"predicate":{"custom_model_data":2022}, "model": "spells:item/armor/magma_lord_legs"},
      {"predicate":{"custom_model_data":2023}, "model": "spells:item/armor/demon_lord_legs"},
      {"predicate":{"custom_model_data":2024}, "model": "spells:item/armor/flame_knight_legs"},
      {"predicate":{"custom_model_data":2025}, "model": "spells:item/armor/demonologist_legs"}
    ]
  }