{
	"credit": "Made with Blockbench",
	"textures": {
		"0": "minecraft:entity/skeleton/skeleton",
		"1": "minecraft:entity/zombie/zombie",
		"2": "minecraft:entity/skeleton/wither_skeleton",
		"particle": "minecraft:entity/skeleton/skeleton"
	},
	"elements": [
		{
			"name": "spine link 1",
			"from": [7, 6, 12],
			"to": [9, 7, 13],
			"faces": {
				"north": {"uv": [2.25, 2, 2.75, 2.25], "texture": "#0"},
				"east": {"uv": [3.5, 2.5, 3.75, 2.75], "texture": "#0"},
				"south": {"uv": [3, 1.5, 3.5, 1.75], "texture": "#0"},
				"west": {"uv": [2.25, 2.5, 2.5, 2.75], "texture": "#0"},
				"up": {"uv": [2.75, 2.75, 3.25, 3], "texture": "#0"},
				"down": {"uv": [3.25, 2.25, 3.75, 2.5], "texture": "#0"}
			}
		},
		{
			"name": "spine link 2",
			"from": [7, 4, 12],
			"to": [9, 5, 13],
			"faces": {
				"north": {"uv": [2.5, 1.5, 3, 1.75], "texture": "#0"},
				"east": {"uv": [4, 3, 4.25, 3.25], "texture": "#0"},
				"south": {"uv": [2.75, 1, 3.25, 1.25], "texture": "#0"},
				"west": {"uv": [2, 2.75, 2.25, 3], "texture": "#0"},
				"up": {"uv": [3, 2.5, 3.5, 2.75], "texture": "#0"},
				"down": {"uv": [2.5, 3.5, 3, 3.75], "texture": "#0"}
			}
		},
		{
			"name": "spine link 3",
			"from": [7, 2, 12],
			"to": [9, 3, 13],
			"faces": {
				"north": {"uv": [3.25, 1.75, 3.75, 2], "texture": "#0"},
				"east": {"uv": [3.5, 2.5, 3.75, 2.75], "texture": "#0"},
				"south": {"uv": [2.25, 0.75, 2.75, 1], "texture": "#0"},
				"west": {"uv": [2.25, 2.5, 2.5, 2.75], "texture": "#0"},
				"up": {"uv": [2.75, 4.5, 3.25, 4.75], "texture": "#0"},
				"down": {"uv": [2.5, 3.5, 3, 3.75], "texture": "#0"}
			}
		},
		{
			"name": "spine link 4",
			"from": [7, 0, 12],
			"to": [9, 1, 13],
			"faces": {
				"north": {"uv": [2.5, 1.5, 3, 1.75], "texture": "#0"},
				"east": {"uv": [3.5, 1.75, 3.75, 2], "texture": "#0"},
				"south": {"uv": [3, 1.5, 3.5, 1.75], "texture": "#0"},
				"west": {"uv": [2.5, 2.25, 2.75, 2.5], "texture": "#0"},
				"up": {"uv": [2.5, 3.25, 3, 3.5], "texture": "#0"},
				"down": {"uv": [3, 2.5, 3.5, 2.75], "texture": "#0"}
			}
		},
		{
			"name": "skull",
			"from": [4, 0, 4],
			"to": [12, 8, 8],
			"faces": {
				"north": {"uv": [2, 4, 4, 8], "texture": "#0"},
				"east": {"uv": [1, 4, 2, 8], "texture": "#0"},
				"south": {"uv": [6, 4, 8, 8], "texture": "#0"},
				"west": {"uv": [4, 4, 5, 8], "texture": "#0"},
				"up": {"uv": [2, 0, 4, 2], "texture": "#0"},
				"down": {"uv": [4, 2, 6, 4], "texture": "#0"}
			}
		},
		{
			"name": "flesh",
			"from": [7.75, -0.25, 3.75],
			"to": [12.25, 8.25, 12.25],
			"faces": {
				"north": {"uv": [2, 2, 3, 4], "texture": "#1"},
				"east": {"uv": [0, 2, 2, 4], "texture": "#1"},
				"south": {"uv": [7, 2, 8, 4], "texture": "#1"},
				"west": {"uv": [4, 2, 6, 4], "texture": "#1"},
				"up": {"uv": [3, 0, 4, 2], "texture": "#1"},
				"down": {"uv": [5, 0, 6, 2], "texture": "#1"}
			}
		},
		{
			"name": "wither skull",
			"from": [4, 0, 8],
			"to": [12, 8, 12],
			"faces": {
				"north": {"uv": [2, 4, 4, 8], "texture": "#2"},
				"east": {"uv": [1, 3.75, 2, 8], "texture": "#2"},
				"south": {"uv": [6.25, 4, 8, 8], "texture": "#2"},
				"west": {"uv": [5, 4, 4, 8], "texture": "#2"},
				"up": {"uv": [2, 2, 4, 4], "texture": "#2"},
				"down": {"uv": [4, 0, 6, 2], "texture": "#2"}
			}
		}
	],
	"display": {
		"thirdperson_righthand": {
			"translation": [0, 2, 0]
		},
		"thirdperson_lefthand": {
			"translation": [0, 2, 0]
		},
		"ground": {
			"translation": [0, 4.5, 0]
		},
		"gui": {
			"rotation": [180, 0, 180],
			"translation": [0, 4, 0]
		},
		"head": {
			"translation": [0, 7, 0],
			"scale": [1.85, 1.85, 1.85]
		},
		"fixed": {
			"translation": [0, 4, 0]
		}
	},
	"groups": [
		{
			"name": "spine",
			"origin": [0, 0, 0],
			"color": 0,
			"children": [
				0,
				1,
				2,
				3,
				{
					"name": "head",
					"origin": [0, 0, 0],
					"color": 0,
					"children": [4, 5, 6]
				}
			]
		}
	]
}