{
	"credit": "Made with Blockbench",
	"textures": {
		"0": "minecraft:entity/skeleton/stray",
		"1": "spells:custommobs/elder_lich",
		"2": "spells:item/corrupted_soul_lantern",
		"particle": "minecraft:entity/skeleton/stray"
	},
	"elements": [
		{
			"name": "skull",
			"from": [4, 0, 4],
			"to": [12, 6, 5],
			"rotation": {"angle": 0, "axis": "y", "origin": [9, 28, 8]},
			"faces": {
				"north": {"uv": [2, 5, 4, 8], "texture": "#0"},
				"east": {"uv": [0, 4, 2, 8], "texture": "#0"},
				"south": {"uv": [6, 4, 8, 8], "texture": "#0"},
				"west": {"uv": [4, 4, 6, 8], "texture": "#0"},
				"up": {"uv": [2, 0, 4, 4], "texture": "#0"},
				"down": {"uv": [4, 0, 6, 4], "texture": "#0"}
			}
		},
		{
			"name": "left horn",
			"from": [5, 1, 1],
			"to": [6, 2, 4],
			"rotation": {"angle": 0, "axis": "y", "origin": [-1, -24, 0]},
			"faces": {
				"north": {"uv": [4, 15, 4.25, 15.25], "texture": "#0"},
				"east": {"uv": [4, 15, 4.75, 15.25], "texture": "#0"},
				"south": {"uv": [4, 15, 4.25, 15.25], "texture": "#0"},
				"west": {"uv": [4, 15, 4.75, 15.25], "texture": "#0"},
				"up": {"uv": [4, 15, 4.25, 15.75], "texture": "#0"},
				"down": {"uv": [4, 15, 4.25, 15.75], "texture": "#0"}
			}
		},
		{
			"name": "left upper horn",
			"from": [5, 1, -1],
			"to": [6, 2, 2],
			"rotation": {"angle": 45, "axis": "x", "origin": [6, 2, 1]},
			"faces": {
				"north": {"uv": [4, 15, 4.25, 15.25], "texture": "#0"},
				"east": {"uv": [4, 15, 4.75, 15.25], "texture": "#0"},
				"south": {"uv": [4, 15, 4.25, 15.25], "texture": "#0"},
				"west": {"uv": [4, 15, 4.75, 15.25], "texture": "#0"},
				"up": {"uv": [4, 15, 4.25, 15.75], "texture": "#0"},
				"down": {"uv": [4, 15, 4.25, 15.75], "texture": "#0"}
			}
		},
		{
			"name": "right upper horn",
			"from": [10, 1, -1],
			"to": [11, 2, 2],
			"rotation": {"angle": 45, "axis": "x", "origin": [6, 2, 1]},
			"faces": {
				"north": {"uv": [4, 15, 4.25, 15.25], "texture": "#0"},
				"east": {"uv": [4, 15, 4.75, 15.25], "texture": "#0"},
				"south": {"uv": [4, 15, 4.25, 15.25], "texture": "#0"},
				"west": {"uv": [4, 15, 4.75, 15.25], "texture": "#0"},
				"up": {"uv": [4, 15, 4.25, 15.75], "texture": "#0"},
				"down": {"uv": [4, 15, 4.25, 15.75], "texture": "#0"}
			}
		},
		{
			"name": "right horn",
			"from": [10, 1, 1],
			"to": [11, 2, 4],
			"rotation": {"angle": 0, "axis": "y", "origin": [-1, -24, 0]},
			"faces": {
				"north": {"uv": [4, 15, 4.25, 15.25], "texture": "#0"},
				"east": {"uv": [4, 15, 4.75, 15.25], "texture": "#0"},
				"south": {"uv": [4, 15, 4.25, 15.25], "texture": "#0"},
				"west": {"uv": [4, 15, 4.75, 15.25], "texture": "#0"},
				"up": {"uv": [4, 15, 4.25, 15.75], "texture": "#0"},
				"down": {"uv": [4, 15, 4.25, 15.75], "texture": "#0"}
			}
		},
		{
			"name": "hood_top",
			"from": [4, 6, 3.5],
			"to": [12, 8.25, 12.5],
			"faces": {
				"north": {"uv": [5, 0, 13, 2.25], "texture": "#1"},
				"east": {"uv": [5, 5, 14, 7.25], "texture": "#1"},
				"south": {"uv": [5, 5, 13, 7.25], "texture": "#1"},
				"west": {"uv": [5, 5, 14, 7.25], "texture": "#1"},
				"up": {"uv": [5, 5, 13, 14], "texture": "#1"},
				"down": {"uv": [5, 5, 13, 14], "texture": "#1"}
			}
		},
		{
			"name": "hood_top",
			"from": [5, 8, 4.5],
			"to": [11, 9.25, 11.5],
			"faces": {
				"north": {"uv": [4, 5, 10, 6.25], "texture": "#1"},
				"east": {"uv": [4, 5, 11, 6.25], "texture": "#1"},
				"south": {"uv": [4, 5, 10, 6.25], "texture": "#1"},
				"west": {"uv": [4, 5, 11, 6.25], "texture": "#1"},
				"up": {"uv": [5, 5, 11, 12], "texture": "#1"},
				"down": {"uv": [5, 5, 11, 12], "texture": "#1"}
			}
		},
		{
			"name": "hood_left_top",
			"from": [3.5, 4, 3.5],
			"to": [5.5, 6, 13],
			"faces": {
				"north": {"uv": [0, 0, 2, 2], "texture": "#1"},
				"east": {"uv": [3, 5, 13, 7], "texture": "#1"},
				"south": {"uv": [3, 5, 5, 7], "texture": "#1"},
				"west": {"uv": [3, 7, 13, 9], "texture": "#1"},
				"up": {"uv": [4, 15, 3, 5], "texture": "#1"},
				"down": {"uv": [4, 5, 3, 15], "texture": "#1"}
			}
		},
		{
			"name": "hood_left_mid",
			"from": [3, 2, 3.5],
			"to": [5, 4, 13.5],
			"faces": {
				"north": {"uv": [0, 0, 2, 2], "texture": "#1"},
				"east": {"uv": [4, 3, 14, 5], "texture": "#1"},
				"south": {"uv": [4, 3, 6, 5], "texture": "#1"},
				"west": {"uv": [4, 3, 14, 5], "texture": "#1"},
				"up": {"uv": [4, 3, 6, 13], "texture": "#1"},
				"down": {"uv": [4, 3, 6, 13], "texture": "#1"}
			}
		},
		{
			"name": "hood_left_bot",
			"from": [3.25, 0, 3.5],
			"to": [5.75, 2, 13.25],
			"faces": {
				"north": {"uv": [0, 0, 3, 2], "texture": "#1"},
				"east": {"uv": [4, 4, 14.25, 6], "texture": "#1"},
				"south": {"uv": [4, 4, 7, 6], "texture": "#1"},
				"west": {"uv": [4, 4, 14.25, 6], "texture": "#1"},
				"up": {"uv": [4, 4, 7, 14.25], "texture": "#1"},
				"down": {"uv": [4, 4, 7, 14.25], "texture": "#1"}
			}
		},
		{
			"name": "hood_right_top",
			"from": [10.5, 4, 3.5],
			"to": [12.5, 6, 13],
			"faces": {
				"north": {"uv": [1, 2, 3, 4], "texture": "#1"},
				"east": {"uv": [3.5, 5, 13, 7], "texture": "#1"},
				"south": {"uv": [3, 5, 5, 7], "texture": "#1"},
				"west": {"uv": [4, 5, 13.5, 7], "texture": "#1"},
				"up": {"uv": [3, 5, 5, 14.5], "texture": "#1"},
				"down": {"uv": [3, 5, 5, 14.5], "texture": "#1"}
			}
		},
		{
			"name": "hood_right_mid",
			"from": [11, 2, 3.5],
			"to": [13, 4, 13.5],
			"faces": {
				"north": {"uv": [1, 2, 3, 4], "texture": "#1"},
				"east": {"uv": [3, 6, 13, 8], "texture": "#1"},
				"south": {"uv": [3, 6, 5, 8], "texture": "#1"},
				"west": {"uv": [3, 6, 13, 8], "texture": "#1"},
				"up": {"uv": [3, 6, 5, 16], "texture": "#1"},
				"down": {"uv": [3, 6, 5, 16], "texture": "#1"}
			}
		},
		{
			"name": "hood_right_bot",
			"from": [10.25, 0, 3.5],
			"to": [12.75, 2, 13.25],
			"faces": {
				"north": {"uv": [0, 2, 3, 4], "texture": "#1"},
				"east": {"uv": [3, 4, 13.25, 6], "texture": "#1"},
				"south": {"uv": [3, 4, 6, 6], "texture": "#1"},
				"west": {"uv": [3, 4, 13.25, 6], "texture": "#1"},
				"up": {"uv": [3, 4, 6, 14.25], "texture": "#1"},
				"down": {"uv": [3, 4, 6, 14.25], "texture": "#1"}
			}
		},
		{
			"name": "hood_back_top",
			"from": [5.5, 4, 12],
			"to": [10.5, 6, 13],
			"faces": {
				"north": {"uv": [4, 6, 9, 8], "texture": "#1"},
				"east": {"uv": [4, 6, 5, 8], "texture": "#1"},
				"south": {"uv": [4, 6, 9, 8], "texture": "#1"},
				"west": {"uv": [4, 6, 5, 8], "texture": "#1"},
				"up": {"uv": [4, 6, 5, 11], "rotation": 270, "texture": "#1"},
				"down": {"uv": [4, 6, 5, 11], "rotation": 90, "texture": "#1"}
			}
		},
		{
			"name": "hood_back_top",
			"from": [5, 2, 12.5],
			"to": [11, 4, 13.5],
			"faces": {
				"north": {"uv": [5, 6, 11, 8], "texture": "#1"},
				"east": {"uv": [5, 6, 6, 8], "texture": "#1"},
				"south": {"uv": [5, 6, 11, 8], "texture": "#1"},
				"west": {"uv": [5, 6, 6, 8], "texture": "#1"},
				"up": {"uv": [5, 6, 6, 12], "rotation": 270, "texture": "#1"},
				"down": {"uv": [5, 6, 6, 12], "rotation": 90, "texture": "#1"}
			}
		},
		{
			"name": "hood_back_top",
			"from": [5.75, 0, 12.25],
			"to": [10.25, 2, 13.25],
			"faces": {
				"north": {"uv": [5, 7, 9.5, 9], "texture": "#1"},
				"east": {"uv": [5, 7, 6, 9], "texture": "#1"},
				"south": {"uv": [5, 7, 9.5, 9], "texture": "#1"},
				"west": {"uv": [5, 7, 6, 9], "texture": "#1"},
				"up": {"uv": [5, 7, 6, 11.5], "rotation": 270, "texture": "#1"},
				"down": {"uv": [5, 7, 6, 11.5], "rotation": 90, "texture": "#1"}
			}
		},
		{
			"name": "lantern base",
			"from": [-5, 8, 11],
			"to": [1, 15, 17],
			"faces": {
				"north": {"uv": [0, 2, 6, 9], "texture": "#2"},
				"east": {"uv": [0, 2, 6, 9], "texture": "#2"},
				"south": {"uv": [0, 2, 6, 9], "texture": "#2"},
				"west": {"uv": [0, 2, 6, 9], "texture": "#2"},
				"up": {"uv": [0, 9, 6, 15], "texture": "#2"},
				"down": {"uv": [0, 9, 6, 15], "texture": "#2"}
			}
		},
		{
			"name": "lantern top",
			"from": [-4, 15, 12],
			"to": [0, 17, 16],
			"faces": {
				"north": {"uv": [1, 0, 5, 2], "texture": "#2"},
				"east": {"uv": [1, 0, 5, 2], "texture": "#2"},
				"south": {"uv": [1, 0, 5, 2], "texture": "#2"},
				"west": {"uv": [1, 0, 5, 2], "texture": "#2"},
				"up": {"uv": [1, 10, 5, 14], "texture": "#2"},
				"down": {"uv": [1, 10, 5, 14], "texture": "#2"}
			}
		},
		{
			"name": "lantern base",
			"from": [15, 8, 11],
			"to": [21, 15, 17],
			"faces": {
				"north": {"uv": [0, 2, 6, 9], "texture": "#2"},
				"east": {"uv": [0, 2, 6, 9], "texture": "#2"},
				"south": {"uv": [0, 2, 6, 9], "texture": "#2"},
				"west": {"uv": [0, 2, 6, 9], "texture": "#2"},
				"up": {"uv": [0, 9, 6, 15], "texture": "#2"},
				"down": {"uv": [0, 9, 6, 15], "texture": "#2"}
			}
		},
		{
			"name": "lantern top",
			"from": [16, 15, 12],
			"to": [20, 17, 16],
			"faces": {
				"north": {"uv": [1, 0, 5, 2], "texture": "#2"},
				"east": {"uv": [1, 0, 5, 2], "texture": "#2"},
				"south": {"uv": [1, 0, 5, 2], "texture": "#2"},
				"west": {"uv": [1, 0, 5, 2], "texture": "#2"},
				"up": {"uv": [1, 10, 5, 14], "texture": "#2"},
				"down": {"uv": [1, 10, 5, 14], "texture": "#2"}
			}
		}
	],
	"display": {
		"thirdperson_righthand": {
			"translation": [0, 2, 0]
		},
		"thirdperson_lefthand": {
			"translation": [0, 2, 0]
		},
		"ground": {
			"translation": [0, 4.75, 0]
		},
		"gui": {
			"rotation": [0, -180, 0],
			"translation": [0, 4, 0]
		},
		"head": {
			"translation": [0, 7.5, 0],
			"scale": [1.85, 1.85, 1.85]
		},
		"fixed": {
			"translation": [0, 4, 0]
		}
	},
	"groups": [
		{
			"name": "head",
			"origin": [0, 0, 0],
			"color": 0,
			"children": [0, 1, 2, 3, 4]
		},
		{
			"name": "hood",
			"origin": [0, 0, 0],
			"color": 0,
			"children": [5, 6, 7, 8, 9, 10, 11, 12, 13, 14, 15]
		},
		{
			"name": "right lantern",
			"origin": [0, 0, 0],
			"color": 0,
			"children": [16, 17]
		},
		{
			"name": "left lantern",
			"origin": [0, 0, 0],
			"color": 0,
			"children": [18, 19]
		}
	]
}