{
	"credit": "Made with Blockbench",
	"texture_size": [32, 32],
	"textures": {
		"0": "spells:custommobs/netherhound",
		"particle": "spells:custommobs/netherhound"
	},
	"elements": [
		{
			"name": "top",
			"from": [10, 2, 0],
			"to": [12, 6, 2],
			"rotation": {"angle": 22.5, "axis": "x", "origin": [11, 5, 2]},
			"faces": {
				"north": {"uv": [13, 8, 14, 10], "texture": "#0"},
				"east": {"uv": [12, 8, 13, 10], "texture": "#0"},
				"south": {"uv": [15, 8, 16, 10], "texture": "#0"},
				"west": {"uv": [14, 8, 15, 10], "texture": "#0"},
				"up": {"uv": [13, 7, 14, 8], "texture": "#0"},
				"down": {"uv": [13, 10, 14, 11], "texture": "#0"}
			}
		},
		{
			"name": "bottom",
			"from": [10, 2, -5],
			"to": [12, 4, 0],
			"rotation": {"angle": -22.5, "axis": "x", "origin": [11, 5, 2]},
			"faces": {
				"north": {"uv": [13, 10.5, 14, 11.5], "rotation": 180, "texture": "#0"},
				"east": {"uv": [12, 8, 13, 10.5], "rotation": 270, "texture": "#0"},
				"south": {"uv": [13, 7, 14, 8], "texture": "#0"},
				"west": {"uv": [14, 8, 15, 10.5], "rotation": 90, "texture": "#0"},
				"up": {"uv": [13, 8, 14, 10.5], "rotation": 180, "texture": "#0"},
				"down": {"uv": [15, 8, 16, 10.5], "texture": "#0"}
			}
		},
		{
			"name": "shoulder",
			"from": [10.5, 5, 0],
			"to": [12.5, 7, 3],
			"rotation": {"angle": 22.5, "axis": "x", "origin": [4, 7, 1]},
			"faces": {
				"north": {"uv": [1.5, 1.5, 2.5, 2.5], "texture": "#0"},
				"east": {"uv": [2.5, 1.5, 4, 2.5], "texture": "#0"},
				"south": {"uv": [1.5, 1.5, 2.5, 2.5], "texture": "#0"},
				"west": {"uv": [0, 1.5, 1.5, 2.5], "texture": "#0"},
				"up": {"uv": [1.5, 0, 2.5, 1.5], "texture": "#0"},
				"down": {"uv": [1.5, 2.5, 2.5, 4], "texture": "#0"}
			}
		},
		{
			"name": "top",
			"from": [4, 2, 0],
			"to": [6, 6, 2],
			"rotation": {"angle": 22.5, "axis": "x", "origin": [5, 5, 2]},
			"faces": {
				"north": {"uv": [13, 8, 14, 10], "texture": "#0"},
				"east": {"uv": [12, 8, 13, 10], "texture": "#0"},
				"south": {"uv": [15, 8, 16, 10], "texture": "#0"},
				"west": {"uv": [14, 8, 15, 10], "texture": "#0"},
				"up": {"uv": [13, 7, 14, 8], "texture": "#0"},
				"down": {"uv": [13, 10, 14, 11], "texture": "#0"}
			}
		},
		{
			"name": "bottom",
			"from": [4, 2, -5],
			"to": [6, 4, 0],
			"rotation": {"angle": -22.5, "axis": "x", "origin": [11, 5, 2]},
			"faces": {
				"north": {"uv": [13, 10.5, 14, 11.5], "rotation": 180, "texture": "#0"},
				"east": {"uv": [12, 8, 13, 10.5], "rotation": 270, "texture": "#0"},
				"south": {"uv": [13, 7, 14, 8], "texture": "#0"},
				"west": {"uv": [14, 8, 15, 10.5], "rotation": 90, "texture": "#0"},
				"up": {"uv": [13, 8, 14, 10.5], "rotation": 180, "texture": "#0"},
				"down": {"uv": [15, 8, 16, 10.5], "texture": "#0"}
			}
		},
		{
			"name": "shoulder",
			"from": [3.5, 5, 0],
			"to": [5.5, 7, 3],
			"rotation": {"angle": 22.5, "axis": "x", "origin": [4, 7, 1]},
			"faces": {
				"north": {"uv": [1.5, 1.5, 2.5, 2.5], "texture": "#0"},
				"east": {"uv": [0, 1.5, 1.5, 2.5], "texture": "#0"},
				"south": {"uv": [4, 1.5, 5, 2.5], "texture": "#0"},
				"west": {"uv": [2.5, 1.5, 4, 2.5], "texture": "#0"},
				"up": {"uv": [1.5, 0, 2.5, 1.5], "texture": "#0"},
				"down": {"uv": [1.5, 2.5, 2.5, 4], "texture": "#0"}
			}
		},
		{
			"name": "top",
			"from": [10, 2, 4],
			"to": [12, 4, 8],
			"rotation": {"angle": -45, "axis": "x", "origin": [11, 3, 7]},
			"faces": {
				"north": {"uv": [13, 10, 14, 11], "rotation": 180, "texture": "#0"},
				"east": {"uv": [12, 8, 13, 10], "rotation": 270, "texture": "#0"},
				"south": {"uv": [13, 7, 14, 8], "texture": "#0"},
				"west": {"uv": [14, 8, 15, 10], "rotation": 90, "texture": "#0"},
				"up": {"uv": [13, 8, 14, 10], "rotation": 180, "texture": "#0"},
				"down": {"uv": [15, 8, 16, 10], "texture": "#0"}
			}
		},
		{
			"name": "bottom",
			"from": [10, 0, 1],
			"to": [12, 2, 6],
			"rotation": {"angle": 0, "axis": "x", "origin": [11, 3, 7]},
			"faces": {
				"north": {"uv": [13, 10.5, 14, 11.5], "rotation": 180, "texture": "#0"},
				"east": {"uv": [12, 8, 13, 10.5], "rotation": 270, "texture": "#0"},
				"south": {"uv": [13, 7, 14, 8], "texture": "#0"},
				"west": {"uv": [14, 8, 15, 10.5], "rotation": 90, "texture": "#0"},
				"up": {"uv": [13, 8, 14, 10.5], "rotation": 180, "texture": "#0"},
				"down": {"uv": [15, 8, 16, 10.5], "texture": "#0"}
			}
		},
		{
			"name": "top",
			"from": [4, 0, 6],
			"to": [6, 4, 8],
			"rotation": {"angle": 45, "axis": "x", "origin": [5, 3, 7]},
			"faces": {
				"north": {"uv": [13, 8, 14, 10], "texture": "#0"},
				"east": {"uv": [12, 8, 13, 10], "texture": "#0"},
				"south": {"uv": [15, 8, 16, 10], "texture": "#0"},
				"west": {"uv": [14, 8, 15, 10], "texture": "#0"},
				"up": {"uv": [13, 7, 14, 8], "texture": "#0"},
				"down": {"uv": [13, 10, 14, 11], "texture": "#0"}
			}
		},
		{
			"name": "bottom",
			"from": [4, 0, 1],
			"to": [6, 2, 6],
			"rotation": {"angle": 0, "axis": "x", "origin": [5, 3, 7]},
			"faces": {
				"north": {"uv": [13, 10.5, 14, 11.5], "rotation": 180, "texture": "#0"},
				"east": {"uv": [12, 8, 13, 10.5], "rotation": 270, "texture": "#0"},
				"south": {"uv": [13, 7, 14, 8], "texture": "#0"},
				"west": {"uv": [14, 8, 15, 10.5], "rotation": 90, "texture": "#0"},
				"up": {"uv": [13, 8, 14, 10.5], "rotation": 180, "texture": "#0"},
				"down": {"uv": [15, 8, 16, 10.5], "texture": "#0"}
			}
		},
		{
			"name": "front",
			"from": [4.5, 3, 2],
			"to": [11.5, 10, 8],
			"rotation": {"angle": 45, "axis": "x", "origin": [8, 9, 4]},
			"faces": {
				"north": {"uv": [6, 3.5, 9.5, 7], "texture": "#0"},
				"east": {"uv": [3, 3.5, 6, 7], "texture": "#0"},
				"south": {"uv": [12.5, 3.5, 16, 7], "texture": "#0"},
				"west": {"uv": [9.5, 3.5, 12.5, 7], "texture": "#0"},
				"up": {"uv": [6, 0.5, 9.5, 3.5], "texture": "#0"},
				"down": {"uv": [6, 7, 9.5, 10], "texture": "#0"}
			}
		},
		{
			"name": "back",
			"from": [5, 0.61313, 0.08239],
			"to": [11, 7.61313, 6.08239],
			"rotation": {"angle": -22.5, "axis": "x", "origin": [8, 7, 6]},
			"faces": {
				"north": {"uv": [6.5, 7, 9.5, 10.5], "rotation": 180, "texture": "#0"},
				"east": {"uv": [3, 4, 6.5, 7], "rotation": 270, "texture": "#0"},
				"south": {"uv": [6.5, 0, 9.5, 3.5], "texture": "#0"},
				"west": {"uv": [9.5, 4, 13, 7], "rotation": 90, "texture": "#0"},
				"up": {"uv": [6.5, 4, 9.5, 7], "rotation": 180, "texture": "#0"},
				"down": {"uv": [13, 4, 16, 7], "texture": "#0"}
			}
		},
		{
			"name": "tail_base",
			"from": [7, 0.28538, 6.96246],
			"to": [9, 2.28538, 11.96246],
			"rotation": {"angle": 0, "axis": "x", "origin": [8, 1, 8]},
			"faces": {
				"north": {"uv": [7, 4.5, 8, 5.5], "texture": "#0"},
				"east": {"uv": [3.5, 4.5, 6, 5.5], "texture": "#0"},
				"south": {"uv": [14, 4.5, 15, 5.5], "texture": "#0"},
				"west": {"uv": [10, 4.5, 12.5, 5.5], "texture": "#0"},
				"up": {"uv": [7, 1, 8, 3.5], "texture": "#0"},
				"down": {"uv": [7, 7, 8, 9.5], "texture": "#0"}
			}
		},
		{
			"name": "tail_mid",
			"from": [7.25, 1.88023, 10.5258],
			"to": [8.75, 6.38023, 12.0258],
			"rotation": {"angle": 22.5, "axis": "x", "origin": [8, 1, 8]},
			"faces": {
				"north": {"uv": [7, 1, 8, 3.5], "rotation": 180, "texture": "#0"},
				"east": {"uv": [3.5, 4.5, 6, 5.5], "rotation": 90, "texture": "#0"},
				"south": {"uv": [7, 7, 8, 9.5], "texture": "#0"},
				"west": {"uv": [10, 4.5, 12.5, 5.5], "rotation": 270, "texture": "#0"},
				"up": {"uv": [14, 4.5, 15, 5.5], "texture": "#0"},
				"down": {"uv": [7, 4.5, 8, 5.5], "rotation": 180, "texture": "#0"}
			}
		},
		{
			"name": "tail_end",
			"from": [7.5, 1.82939, 13.49139],
			"to": [8.5, 6.32939, 14.49139],
			"rotation": {"angle": -22.5, "axis": "x", "origin": [8, 1, 8]},
			"faces": {
				"north": {"uv": [7, 1, 8, 3.5], "rotation": 180, "texture": "#0"},
				"east": {"uv": [3.5, 4.5, 6, 5.5], "rotation": 90, "texture": "#0"},
				"south": {"uv": [7, 7, 8, 9.5], "texture": "#0"},
				"west": {"uv": [10, 4.5, 12.5, 5.5], "rotation": 270, "texture": "#0"},
				"up": {"uv": [14, 4.5, 15, 5.5], "texture": "#0"},
				"down": {"uv": [7, 4.5, 8, 5.5], "rotation": 180, "texture": "#0"}
			}
		},
		{
			"name": "base",
			"from": [5, 5.5, -2],
			"to": [11, 11.5, 2],
			"rotation": {"angle": 0, "axis": "y", "origin": [0, -1, 0]},
			"faces": {
				"north": {"uv": [2, 10, 5, 13], "texture": "#0"},
				"east": {"uv": [0, 10, 2, 13], "texture": "#0"},
				"south": {"uv": [7, 10, 10, 13], "texture": "#0"},
				"west": {"uv": [5, 10, 7, 13], "texture": "#0"},
				"up": {"uv": [2, 8, 5, 10], "texture": "#0"},
				"down": {"uv": [2, 13, 5, 15], "texture": "#0"}
			}
		},
		{
			"name": "snout",
			"from": [6.5, 5.5, -5],
			"to": [9.5, 8.5, -2],
			"rotation": {"angle": 0, "axis": "y", "origin": [0, -1, 0]},
			"faces": {
				"north": {"uv": [11.5, 13, 13, 14.5], "texture": "#0"},
				"east": {"uv": [10, 13, 11.5, 14.5], "texture": "#0"},
				"south": {"uv": [14.5, 13, 16, 14.5], "texture": "#0"},
				"west": {"uv": [13, 13, 14.5, 14.5], "texture": "#0"},
				"up": {"uv": [11.5, 11.5, 13, 13], "texture": "#0"},
				"down": {"uv": [11.5, 14.5, 13, 16], "texture": "#0"}
			}
		},
		{
			"name": "right_ear",
			"from": [9, 11.5, 0],
			"to": [11, 13.5, 1],
			"rotation": {"angle": 0, "axis": "y", "origin": [0, -1, 0]},
			"faces": {
				"north": {"uv": [0, 0, 1, 1], "texture": "#0"},
				"east": {"uv": [0, 0, 0.5, 1], "texture": "#0"},
				"south": {"uv": [0, 0, 1, 1], "texture": "#0"},
				"west": {"uv": [0, 0, 0.5, 1], "texture": "#0"},
				"up": {"uv": [0, 0, 1, 0.5], "texture": "#0"},
				"down": {"uv": [0, 0, 1, 0.5], "texture": "#0"}
			}
		},
		{
			"name": "left_ear",
			"from": [5, 11.5, 0],
			"to": [7, 13.5, 1],
			"rotation": {"angle": 0, "axis": "y", "origin": [0, -1, 0]},
			"faces": {
				"north": {"uv": [0, 0, 1, 1], "texture": "#0"},
				"east": {"uv": [0, 0, 0.5, 1], "texture": "#0"},
				"south": {"uv": [0, 0, 1, 1], "texture": "#0"},
				"west": {"uv": [0, 0, 0.5, 1], "texture": "#0"},
				"up": {"uv": [0, 0, 1, 0.5], "texture": "#0"},
				"down": {"uv": [0, 0, 1, 0.5], "texture": "#0"}
			}
		}
	],
	"display": {
		"head": {
			"translation": [0, -28.5, 0],
			"scale": [2, 2, 2]
		}
	},
	"groups": [
		{
			"name": "legs",
			"origin": [0, 0, 0],
			"color": 0,
			"children": [
				{
					"name": "right_front",
					"origin": [11, 7, 3],
					"color": 0,
					"children": [0, 1, 2]
				},
				{
					"name": "left_front",
					"origin": [0, 0, 0],
					"color": 0,
					"children": [3, 4, 5]
				},
				{
					"name": "right_back",
					"origin": [11, 7, 3],
					"color": 0,
					"children": [6, 7]
				},
				{
					"name": "left_back",
					"origin": [11, 7, 3],
					"color": 0,
					"children": [8, 9]
				}
			]
		},
		{
			"name": "body",
			"origin": [0, 0, 0],
			"color": 0,
			"children": [10, 11, 12, 13, 14]
		},
		{
			"name": "head",
			"origin": [0, 0, 0],
			"color": 0,
			"children": [15, 16, 17, 18]
		}
	]
}