{
	"credit": "Made with Blockbench",
	"texture_size": [32, 32],
	"textures": {
		"0": "spells:custommobs/netherhound",
		"particle": "spells:custommobs/netherhound"
	},
	"elements": [
		{
			"name": "top",
			"from": [10, 4, 2],
			"to": [12, 8, 4],
			"rotation": {"angle": -22.5, "axis": "x", "origin": [11, 7, 3]},
			"faces": {
				"north": {"uv": [13, 8, 14, 10], "texture": "#0"},
				"east": {"uv": [12, 8, 13, 10], "texture": "#0"},
				"south": {"uv": [15, 8, 16, 10], "texture": "#0"},
				"west": {"uv": [14, 8, 15, 10], "texture": "#0"},
				"up": {"uv": [13, 7, 14, 8], "texture": "#0"},
				"down": {"uv": [13, 10, 14, 11], "texture": "#0"}
			}
		},
		{
			"name": "bottom",
			"from": [10, 1, 4],
			"to": [12, 6, 6],
			"rotation": {"angle": 22.5, "axis": "x", "origin": [11, 7, 3]},
			"faces": {
				"north": {"uv": [13, 8, 14, 10.5], "texture": "#0"},
				"east": {"uv": [12, 8, 13, 10.5], "texture": "#0"},
				"south": {"uv": [15, 8, 16, 10.5], "texture": "#0"},
				"west": {"uv": [14, 8, 15, 10.5], "texture": "#0"},
				"up": {"uv": [13, 7, 14, 8], "texture": "#0"},
				"down": {"uv": [13, 10.5, 14, 11.5], "texture": "#0"}
			}
		},
		{
			"name": "shoulder",
			"from": [10.5, 7, 1],
			"to": [12.5, 9, 4],
			"rotation": {"angle": -22.5, "axis": "x", "origin": [4, 9, 2]},
			"faces": {
				"north": {"uv": [1.5, 1.5, 2.5, 2.5], "texture": "#0"},
				"east": {"uv": [2.5, 1.5, 4, 2.5], "texture": "#0"},
				"south": {"uv": [1.5, 1.5, 2.5, 2.5], "texture": "#0"},
				"west": {"uv": [0, 1.5, 1.5, 2.5], "texture": "#0"},
				"up": {"uv": [1.5, 0, 2.5, 1.5], "texture": "#0"},
				"down": {"uv": [1.5, 2.5, 2.5, 4], "texture": "#0"}
			}
		},
		{
			"name": "top",
			"from": [4, 4, 2],
			"to": [6, 8, 4],
			"rotation": {"angle": -22.5, "axis": "x", "origin": [5, 7, 3]},
			"faces": {
				"north": {"uv": [13, 8, 14, 10], "texture": "#0"},
				"east": {"uv": [12, 8, 13, 10], "texture": "#0"},
				"south": {"uv": [15, 8, 16, 10], "texture": "#0"},
				"west": {"uv": [14, 8, 15, 10], "texture": "#0"},
				"up": {"uv": [13, 7, 14, 8], "texture": "#0"},
				"down": {"uv": [13, 10, 14, 11], "texture": "#0"}
			}
		},
		{
			"name": "bottom",
			"from": [4, 1, 4],
			"to": [6, 6, 6],
			"rotation": {"angle": 22.5, "axis": "x", "origin": [11, 7, 3]},
			"faces": {
				"north": {"uv": [13, 8, 14, 10.5], "texture": "#0"},
				"east": {"uv": [12, 8, 13, 10.5], "texture": "#0"},
				"south": {"uv": [15, 8, 16, 10.5], "texture": "#0"},
				"west": {"uv": [14, 8, 15, 10.5], "texture": "#0"},
				"up": {"uv": [13, 7, 14, 8], "texture": "#0"},
				"down": {"uv": [13, 10.5, 14, 11.5], "texture": "#0"}
			}
		},
		{
			"name": "shoulder",
			"from": [3.5, 7, 1],
			"to": [5.5, 9, 4],
			"rotation": {"angle": -22.5, "axis": "x", "origin": [4, 9, 2]},
			"faces": {
				"north": {"uv": [1.5, 1.5, 2.5, 2.5], "texture": "#0"},
				"east": {"uv": [0, 1.5, 1.5, 2.5], "texture": "#0"},
				"south": {"uv": [4, 1.5, 5, 2.5], "texture": "#0"},
				"west": {"uv": [2.5, 1.5, 4, 2.5], "texture": "#0"},
				"up": {"uv": [1.5, 0, 2.5, 1.5], "texture": "#0"},
				"down": {"uv": [1.5, 2.5, 2.5, 4], "texture": "#0"}
			}
		},
		{
			"name": "top",
			"from": [10, 4, 12],
			"to": [12, 8, 14],
			"rotation": {"angle": -22.5, "axis": "x", "origin": [11, 7, 13]},
			"faces": {
				"north": {"uv": [13, 8, 14, 10], "texture": "#0"},
				"east": {"uv": [12, 8, 13, 10], "texture": "#0"},
				"south": {"uv": [15, 8, 16, 10], "texture": "#0"},
				"west": {"uv": [14, 8, 15, 10], "texture": "#0"},
				"up": {"uv": [13, 7, 14, 8], "texture": "#0"},
				"down": {"uv": [13, 10, 14, 11], "texture": "#0"}
			}
		},
		{
			"name": "bottom",
			"from": [10, 1, 14],
			"to": [12, 6, 16],
			"rotation": {"angle": 22.5, "axis": "x", "origin": [11, 7, 13]},
			"faces": {
				"north": {"uv": [13, 8, 14, 10.5], "texture": "#0"},
				"east": {"uv": [12, 8, 13, 10.5], "texture": "#0"},
				"south": {"uv": [15, 8, 16, 10.5], "texture": "#0"},
				"west": {"uv": [14, 8, 15, 10.5], "texture": "#0"},
				"up": {"uv": [13, 7, 14, 8], "texture": "#0"},
				"down": {"uv": [13, 10.5, 14, 11.5], "texture": "#0"}
			}
		},
		{
			"name": "top",
			"from": [4, 4, 12],
			"to": [6, 8, 14],
			"rotation": {"angle": -22.5, "axis": "x", "origin": [5, 7, 13]},
			"faces": {
				"north": {"uv": [13, 8, 14, 10], "texture": "#0"},
				"east": {"uv": [12, 8, 13, 10], "texture": "#0"},
				"south": {"uv": [15, 8, 16, 10], "texture": "#0"},
				"west": {"uv": [14, 8, 15, 10], "texture": "#0"},
				"up": {"uv": [13, 7, 14, 8], "texture": "#0"},
				"down": {"uv": [13, 10, 14, 11], "texture": "#0"}
			}
		},
		{
			"name": "bottom",
			"from": [4, 1, 14],
			"to": [6, 6, 16],
			"rotation": {"angle": 22.5, "axis": "x", "origin": [5, 7, 13]},
			"faces": {
				"north": {"uv": [13, 8, 14, 10.5], "texture": "#0"},
				"east": {"uv": [12, 8, 13, 10.5], "texture": "#0"},
				"south": {"uv": [15, 8, 16, 10.5], "texture": "#0"},
				"west": {"uv": [14, 8, 15, 10.5], "texture": "#0"},
				"up": {"uv": [13, 7, 14, 8], "texture": "#0"},
				"down": {"uv": [13, 10.5, 14, 11.5], "texture": "#0"}
			}
		},
		{
			"name": "front",
			"from": [4.5, 6, 1],
			"to": [11.5, 13, 7],
			"faces": {
				"north": {"uv": [6, 3.5, 9.5, 7], "texture": "#0"},
				"east": {"uv": [3, 3.5, 6, 7], "texture": "#0"},
				"south": {"uv": [12.5, 3.5, 16, 7], "texture": "#0"},
				"west": {"uv": [9.5, 3.5, 12.5, 7], "texture": "#0"},
				"up": {"uv": [6, 0.5, 9.5, 3.5], "texture": "#0"},
				"down": {"uv": [6, 7, 9.5, 10], "texture": "#0"}
			}
		},
		{
			"name": "back",
			"from": [5, 6, 7],
			"to": [11, 12, 14],
			"faces": {
				"north": {"uv": [6.5, 4, 9.5, 7], "texture": "#0"},
				"east": {"uv": [3, 4, 6.5, 7], "texture": "#0"},
				"south": {"uv": [13, 4, 16, 7], "texture": "#0"},
				"west": {"uv": [9.5, 4, 13, 7], "texture": "#0"},
				"up": {"uv": [6.5, 0, 9.5, 3.5], "texture": "#0"},
				"down": {"uv": [6.5, 7, 9.5, 10.5], "texture": "#0"}
			}
		},
		{
			"name": "tail_base",
			"from": [7, 8, 13],
			"to": [9, 10, 18],
			"rotation": {"angle": -45, "axis": "x", "origin": [8, 9, 14]},
			"faces": {
				"north": {"uv": [7, 4.5, 8, 5.5], "texture": "#0"},
				"east": {"uv": [3.5, 4.5, 6, 5.5], "texture": "#0"},
				"south": {"uv": [14, 4.5, 15, 5.5], "texture": "#0"},
				"west": {"uv": [10, 4.5, 12.5, 5.5], "texture": "#0"},
				"up": {"uv": [7, 1, 8, 3.5], "texture": "#0"},
				"down": {"uv": [7, 7, 8, 9.5], "texture": "#0"}
			}
		},
		{
			"name": "tail_base",
			"from": [7.25, 11.00736, 15.75],
			"to": [8.75, 15.50736, 17.25],
			"rotation": {"angle": -22.5, "axis": "x", "origin": [8, 12, 17]},
			"faces": {
				"north": {"uv": [7, 1, 8, 3.5], "rotation": 180, "texture": "#0"},
				"east": {"uv": [3.5, 4.5, 6, 5.5], "rotation": 90, "texture": "#0"},
				"south": {"uv": [7, 7, 8, 9.5], "texture": "#0"},
				"west": {"uv": [10, 4.5, 12.5, 5.5], "rotation": 270, "texture": "#0"},
				"up": {"uv": [14, 4.5, 15, 5.5], "texture": "#0"},
				"down": {"uv": [7, 4.5, 8, 5.5], "rotation": 180, "texture": "#0"}
			}
		},
		{
			"name": "tail_base",
			"from": [7.5, 14.56703, 11.70353],
			"to": [8.5, 15.56703, 16.20353],
			"rotation": {"angle": 22.5, "axis": "x", "origin": [8, 16, 15]},
			"faces": {
				"north": {"uv": [14, 4.5, 15, 5.5], "rotation": 180, "texture": "#0"},
				"east": {"uv": [3.5, 4.5, 6, 5.5], "rotation": 180, "texture": "#0"},
				"south": {"uv": [7, 4.5, 8, 5.5], "rotation": 180, "texture": "#0"},
				"west": {"uv": [10, 4.5, 12.5, 5.5], "rotation": 180, "texture": "#0"},
				"up": {"uv": [7, 7, 8, 9.5], "texture": "#0"},
				"down": {"uv": [7, 1, 8, 3.5], "texture": "#0"}
			}
		},
		{
			"name": "base",
			"from": [5, 6.5, -2],
			"to": [11, 12.5, 2],
			"faces": {
				"north": {"uv": [2, 10, 5, 13], "texture": "#0"},
				"east": {"uv": [0, 10, 2, 13], "texture": "#0"},
				"south": {"uv": [7, 10, 10, 13], "texture": "#0"},
				"west": {"uv": [5, 10, 7, 13], "texture": "#0"},
				"up": {"uv": [2, 8, 5, 10], "texture": "#0"},
				"down": {"uv": [2, 13, 5, 15], "texture": "#0"}
			}
		},
		{
			"name": "snout",
			"from": [6.5, 6.5, -5],
			"to": [9.5, 9.5, -2],
			"faces": {
				"north": {"uv": [11.5, 13, 13, 14.5], "texture": "#0"},
				"east": {"uv": [10, 13, 11.5, 14.5], "texture": "#0"},
				"south": {"uv": [14.5, 13, 16, 14.5], "texture": "#0"},
				"west": {"uv": [13, 13, 14.5, 14.5], "texture": "#0"},
				"up": {"uv": [11.5, 11.5, 13, 13], "texture": "#0"},
				"down": {"uv": [11.5, 14.5, 13, 16], "texture": "#0"}
			}
		},
		{
			"name": "right_ear",
			"from": [9, 12.5, 0],
			"to": [11, 14.5, 1],
			"faces": {
				"north": {"uv": [0, 0, 1, 1], "texture": "#0"},
				"east": {"uv": [0, 0, 0.5, 1], "texture": "#0"},
				"south": {"uv": [0, 0, 1, 1], "texture": "#0"},
				"west": {"uv": [0, 0, 0.5, 1], "texture": "#0"},
				"up": {"uv": [0, 0, 1, 0.5], "texture": "#0"},
				"down": {"uv": [0, 0, 1, 0.5], "texture": "#0"}
			}
		},
		{
			"name": "left_ear",
			"from": [5, 12.5, 0],
			"to": [7, 14.5, 1],
			"faces": {
				"north": {"uv": [0, 0, 1, 1], "texture": "#0"},
				"east": {"uv": [0, 0, 0.5, 1], "texture": "#0"},
				"south": {"uv": [0, 0, 1, 1], "texture": "#0"},
				"west": {"uv": [0, 0, 0.5, 1], "texture": "#0"},
				"up": {"uv": [0, 0, 1, 0.5], "texture": "#0"},
				"down": {"uv": [0, 0, 1, 0.5], "texture": "#0"}
			}
		}
	],
	"display": {
		"head": {
			"translation": [0, -28.5, 0],
			"scale": [2, 2, 2]
		}
	},
	"groups": [
		{
			"name": "legs",
			"origin": [0, 0, 0],
			"color": 0,
			"children": [
				{
					"name": "right_front",
					"origin": [11, 7, 3],
					"color": 0,
					"children": [0, 1, 2]
				},
				{
					"name": "left_front",
					"origin": [0, 0, 0],
					"color": 0,
					"children": [3, 4, 5]
				},
				{
					"name": "right_back",
					"origin": [11, 7, 3],
					"color": 0,
					"children": [6, 7]
				},
				{
					"name": "left_back",
					"origin": [11, 7, 3],
					"color": 0,
					"children": [8, 9]
				}
			]
		},
		{
			"name": "body",
			"origin": [0, 0, 0],
			"color": 0,
			"children": [10, 11, 12, 13, 14]
		},
		{
			"name": "head",
			"origin": [0, 0, 0],
			"color": 0,
			"children": [15, 16, 17, 18]
		}
	]
}