{
    "providers": [
        {
            "type": "bitmap",
            "file": "space:font/space_split.png",
            "ascent": -32768,
            "height": -4,
            "chars": [
                "\uF802"
            ]
        },
        {
            "type": "bitmap",
            "file": "space:font/space_split.png",
            "ascent": -32768,
            "height": 4,
            "chars": [
                "\uF825"
            ]
        },
        {
            "type": "bitmap",
            "file": "space:font/space_split.png",
            "ascent": -32768,
            "height": 31,
            "chars": [
                "\uF82A"
            ]
        },
        {
            "type": "bitmap",
            "file": "space:font/space_split.png",
            "ascent": -32768,
            "height": 63,
            "chars": [
                "\uF82B"
            ]
        },
        {
            "type": "bitmap",
            "file": "spells:gui/mana/mana_empty.png",
            "ascent": -5,
            "height": 9,
            "chars": [
                "\uE297"
            ]
        },
        {
            "type": "bitmap",
            "file": "spells:gui/mana/mana_half.png",
            "ascent": -5,
            "height": 9,
            "chars": [
                "\uE298"
            ]
        },
        {
            "type": "bitmap",
            "file": "spells:gui/mana/mana_full.png",
            "ascent": -5,
            "height": 9,
            "chars": [
                "\uE299"
            ]
        },
        {
            "type": "bitmap",
            "file": "spells:font/craftingguides/death/rottenpaper.png",
            "ascent": 0,
            "height": 55,
            "chars": [
                "\uE300"
            ]
        },
        {
            "type": "bitmap",
            "file": "spells:font/craftingguides/death/spine.png",
            "ascent": 0,
            "height": 55,
            "chars": [
                "\uE301"
            ]
        },
        {
            "type": "bitmap",
            "file": "spells:font/craftingguides/death/zombieglue.png",
            "ascent": 0,
            "height": 55,
            "chars": [
                "\uE302"
            ]
        },
        {
            "type": "bitmap",
            "file": "spells:font/craftingguides/death/cursedcover.png",
            "ascent": 0,
            "height": 55,
            "chars": [
                "\uE303"
            ]
        },
        {
            "type": "bitmap",
            "file": "spells:font/craftingguides/death/corruptedsoullantern.png",
            "ascent": 0,
            "height": 55,
            "chars": [
                "\uE304"
            ]
        },
        {
            "type": "bitmap",
            "file": "spells:font/craftingguides/death/elderlichphylactery.png",
            "ascent": 0,
            "height": 55,
            "chars": [
                "\uE305"
            ]
        },
        {
            "type": "bitmap",
            "file": "spells:font/craftingguides/death/diseasedcover.png",
            "ascent": 0,
            "height": 55,
            "chars": [
                "\uE306"
            ]
        },
        {
            "type": "bitmap",
            "file": "spells:font/craftingguides/death/plaguestar.png",
            "ascent": 0,
            "height": 55,
            "chars": [
                "\uE307"
            ]
        },
        {
            "type": "bitmap",
            "file": "spells:font/craftingguides/death/abominationegg.png",
            "ascent": 0,
            "height": 55,
            "chars": [
                "\uE308"
            ]
        }
    ]
}