{
  "type": "minecraft:entity",
  "pools": [
    {
      "rolls": 1,
      "entries": [
        {
          "type": "minecraft:item",
          "name": "minecraft:flint",
          "functions": [
            {
              "function": "minecraft:set_nbt",
              "tag": "{necromancer_knowledge:1,CustomModelData:1022,display:{Name:'[{\"text\":\"Cursed Skull of the Elder Lich\",\"italic\":\"false\",\"color\":\"dark_purple\"}]'}}"
            }
          ]
        }
      ]
    }
  ]
}
