{
  "parent": "minecraft:item/template_spawn_egg",

  "overrides": [
    {"predicate":{"custom_model_data":1010}, "model": "spells:item/spells/phylactery"},
    {"predicate":{"custom_model_data":1012}, "model": "spells:item/customitems/abomination_egg"},
    {"predicate":{"custom_model_data":1019}, "model": "spells:item/customitems/elder_lich_phylactery"},
    {"predicate":{"custom_model_data":2021}, "model": "spells:item/customitems/demon_lord_seal"},
    {"predicate":{"custom_model_data":2022}, "model": "spells:item/customitems/magma_lord_furnace"}
  ]
}