{
	"credit": "Made with Blockbench",
	"textures": {
		"2": "block/black_wool",
		"3": "item/purple_stained_glass",
		"4": "item/skeleton",
		"particle": "item/purple_stained_glass"
	},
	"elements": [
		{
			"from": [5, 0, 11],
			"to": [11, 7, 12],
			"faces": {
				"north": {"uv": [0, 0, 6, 7], "texture": "#2"},
				"east": {"uv": [0, 0, 1, 7], "texture": "#2"},
				"south": {"uv": [0, 0, 6, 7], "texture": "#2"},
				"west": {"uv": [0, 0, 1, 7], "texture": "#2"},
				"up": {"uv": [0, 0, 6, 1], "texture": "#2"},
				"down": {"uv": [0, 0, 6, 1], "texture": "#2"}
			}
		},
		{
			"from": [5, 7, 3.5],
			"to": [11, 8, 12],
			"faces": {
				"north": {"uv": [0, 0, 6, 1], "texture": "#2"},
				"east": {"uv": [0, 0, 8.5, 1], "texture": "#2"},
				"south": {"uv": [0, 0, 6, 1], "texture": "#2"},
				"west": {"uv": [0, 0, 8.5, 1], "texture": "#2"},
				"up": {"uv": [0, 0, 8.5, 6], "rotation": 90, "texture": "#2"},
				"down": {"uv": [0, 0, 6, 8.5], "texture": "#2"}
			}
		},
		{
			"from": [4, 0, 3.5],
			"to": [5, 8, 12],
			"faces": {
				"north": {"uv": [0, 0, 1, 8], "texture": "#2"},
				"east": {"uv": [0, 0, 8.5, 8], "texture": "#2"},
				"south": {"uv": [0, 0, 1, 8], "texture": "#2"},
				"west": {"uv": [0, 0, 8.5, 8], "texture": "#2"},
				"up": {"uv": [0, 0, 1, 8.5], "texture": "#2"},
				"down": {"uv": [0, 0, 1, 8.5], "texture": "#2"}
			}
		},
		{
			"from": [5, 0, 5],
			"to": [11, 1, 5.25],
			"faces": {
				"north": {"uv": [0, 0, 6, 1], "texture": "#2"},
				"east": {"uv": [0, 0, 0.25, 1], "texture": "#2"},
				"south": {"uv": [0, 0, 6, 1], "texture": "#2"},
				"west": {"uv": [0, 0, 0.25, 1], "texture": "#2"},
				"up": {"uv": [0, 0, 6, 0.25], "texture": "#2"},
				"down": {"uv": [0, 0, 6, 0.25], "texture": "#2"}
			}
		},
		{
			"from": [11, 0, 3.5],
			"to": [12, 8, 12],
			"faces": {
				"north": {"uv": [0, 0, 1, 8], "texture": "#2"},
				"east": {"uv": [0, 0, 8.5, 8], "texture": "#2"},
				"south": {"uv": [0, 0, 1, 8], "texture": "#2"},
				"west": {"uv": [0, 0, 8.5, 8], "texture": "#2"},
				"up": {"uv": [0, 0, 1, 8.5], "texture": "#2"},
				"down": {"uv": [0, 0, 1, 8.5], "texture": "#2"}
			}
		},
		{
			"from": [5, 1, 4],
			"to": [6, 3, 5],
			"faces": {
				"north": {"uv": [15, 13, 16, 15], "texture": "#4"},
				"east": {"uv": [6, 10, 7, 12], "texture": "#4"},
				"south": {"uv": [15, 13, 16, 15], "texture": "#4"},
				"west": {"uv": [7, 9, 8, 11], "texture": "#4"},
				"up": {"uv": [6, 9, 7, 10], "texture": "#4"},
				"down": {"uv": [8, 9, 9, 10], "texture": "#4"}
			}
		},
		{
			"from": [6, 0, 4],
			"to": [7, 1, 5],
			"faces": {
				"north": {"uv": [13, 15, 14, 16], "texture": "#4"},
				"east": {"uv": [7, 9, 8, 10], "texture": "#4"},
				"south": {"uv": [13, 15, 14, 16], "texture": "#4"},
				"west": {"uv": [9, 5, 10, 6], "texture": "#4"},
				"up": {"uv": [7, 9, 8, 10], "texture": "#4"},
				"down": {"uv": [8, 10, 9, 11], "texture": "#4"}
			}
		},
		{
			"from": [9, 0, 4],
			"to": [10, 1, 5],
			"faces": {
				"north": {"uv": [10, 15, 11, 16], "texture": "#4"},
				"east": {"uv": [10, 6, 11, 7], "texture": "#4"},
				"south": {"uv": [10, 15, 11, 16], "texture": "#4"},
				"west": {"uv": [9, 5, 10, 6], "texture": "#4"},
				"up": {"uv": [9, 6, 10, 7], "texture": "#4"},
				"down": {"uv": [9, 7, 10, 8], "texture": "#4"}
			}
		},
		{
			"from": [6, 2, 4],
			"to": [7, 3, 5],
			"faces": {
				"north": {"uv": [13, 13, 14, 14], "texture": "#4"},
				"east": {"uv": [6, 9, 7, 10], "texture": "#4"},
				"south": {"uv": [14, 13, 15, 14], "texture": "#4"},
				"west": {"uv": [8, 11, 9, 12], "texture": "#4"},
				"up": {"uv": [6, 11, 7, 12], "texture": "#4"},
				"down": {"uv": [6, 10, 7, 11], "texture": "#4"}
			}
		},
		{
			"from": [9, 3, 4.5],
			"to": [11, 4, 5],
			"faces": {
				"north": {"uv": [9, 9, 11, 10], "texture": "#3"},
				"east": {"uv": [5, 10, 6, 11], "texture": "#3"},
				"south": {"uv": [11, 12, 13, 13], "texture": "#3"},
				"west": {"uv": [7, 8, 8, 9], "texture": "#3"},
				"up": {"uv": [6, 10, 8, 11], "texture": "#3"},
				"down": {"uv": [6, 8, 8, 9], "texture": "#3"}
			}
		},
		{
			"from": [5, 3, 4.5],
			"to": [7, 4, 5],
			"faces": {
				"north": {"uv": [9, 9, 11, 10], "texture": "#3"},
				"east": {"uv": [5, 10, 6, 11], "texture": "#3"},
				"south": {"uv": [11, 12, 13, 13], "texture": "#3"},
				"west": {"uv": [7, 8, 8, 9], "texture": "#3"},
				"up": {"uv": [6, 10, 8, 11], "texture": "#3"},
				"down": {"uv": [6, 8, 8, 9], "texture": "#3"}
			}
		},
		{
			"from": [7, 3, 4],
			"to": [9, 4, 5],
			"faces": {
				"north": {"uv": [11, 12, 13, 13], "texture": "#4"},
				"east": {"uv": [5, 10, 6, 11], "texture": "#4"},
				"south": {"uv": [11, 12, 13, 13], "texture": "#4"},
				"west": {"uv": [7, 8, 8, 9], "texture": "#4"},
				"up": {"uv": [6, 10, 8, 11], "texture": "#4"},
				"down": {"uv": [6, 8, 8, 9], "texture": "#4"}
			}
		},
		{
			"from": [5, 4, 4],
			"to": [11, 7, 5],
			"faces": {
				"north": {"uv": [9, 9, 15, 12], "texture": "#4"},
				"east": {"uv": [10, 9, 11, 12], "texture": "#4"},
				"south": {"uv": [9, 9, 15, 12], "texture": "#4"},
				"west": {"uv": [6, 8, 7, 11], "texture": "#4"},
				"up": {"uv": [6, 8, 12, 9], "texture": "#4"},
				"down": {"uv": [5, 8, 11, 9], "texture": "#4"}
			}
		},
		{
			"from": [9, 2, 4],
			"to": [10, 3, 5],
			"faces": {
				"north": {"uv": [10, 13, 11, 14], "texture": "#4"},
				"east": {"uv": [7, 11, 8, 12], "texture": "#4"},
				"south": {"uv": [9, 13, 10, 14], "texture": "#4"},
				"west": {"uv": [8, 9, 9, 10], "texture": "#4"},
				"up": {"uv": [7, 10, 8, 11], "texture": "#4"},
				"down": {"uv": [8, 10, 9, 11], "texture": "#4"}
			}
		},
		{
			"from": [10, 1, 4],
			"to": [11, 3, 5],
			"faces": {
				"north": {"uv": [8, 13, 9, 15], "texture": "#4"},
				"east": {"uv": [5, 10, 6, 12], "texture": "#4"},
				"south": {"uv": [8, 13, 9, 15], "texture": "#4"},
				"west": {"uv": [6, 9, 7, 11], "texture": "#4"},
				"up": {"uv": [7, 11, 8, 12], "texture": "#4"},
				"down": {"uv": [7, 9, 8, 10], "texture": "#4"}
			}
		}
	],
	"display": {
		"thirdperson_righthand": {
			"translation": [0, 2, 0]
		},
		"thirdperson_lefthand": {
			"translation": [0, 2, 0]
		},
		"ground": {
			"translation": [0, 4, 0]
		},
		"gui": {
			"rotation": [0, -180, 0],
			"translation": [0, 4, 0]
		},
		"head": {
			"translation": [0, 8.75, 0],
			"scale": [2, 2, 2]
		},
		"fixed": {
			"translation": [0, 4, 0]
		}
	},
	"groups": [0, 1, 2, 3, 4,
		{
			"name": "face",
			"origin": [8, 8, 8],
			"children": [5, 6, 7, 8, 9, 10, 11, 12, 13, 14]
		}
	]
}