{
    "parent": "minecraft:item/handheld",
    "display": {
        "thirdperson_righthand": {
            "rotation": [ 0, -90, 35 ],
            "translation": [ 0, 12.0, 3 ],
            "scale": [ 1.7, 1.7, 0.85 ]
        },
        "thirdperson_lefthand": {
            "rotation": [ 0, 90, -35 ],
            "translation": [ 0, 12.0, 3 ],
            "scale": [ 1.7, 1.7, 0.85 ]
        },
        "firstperson_righthand": {
            "rotation": [ 0, -90, 25 ],
            "translation": [ 1.13, 3.2, 1.13 ],
            "scale": [ 1.26, 1.26, 0.68 ]
        },
        "firstperson_lefthand": {
            "rotation": [ 0, 90, -25 ],
            "translation": [ 1.13, 3.2, 1.13 ],
            "scale": [ 1.26, 1.26, 0.68 ]
        }
    },
    "textures": {
      "layer0": "minecraft:item/weapons/blightedblade"
    }
}