{
	"credit": "Made with Blockbench",
	"textures": {
		"0": "spells:item/weapons/cruciblehammer",
		"1": "spells:item/weapons/crucible_hammer_flames",
		"particle": "spells:item/weapons/cruciblehammer"
	},
	"elements": [
		{
			"name": "bottom",
			"from": [7, 14.25, 8.4375],
			"to": [9, 15.25, 11.4375],
			"rotation": {"angle": 22.5, "axis": "x", "origin": [8, 15.25, 10.4375]},
			"faces": {
				"north": {"uv": [1.5, 15.5, 2.5, 16], "texture": "#0"},
				"east": {"uv": [0, 15.5, 1.5, 16], "texture": "#0"},
				"south": {"uv": [4, 15.5, 5, 16], "texture": "#0"},
				"west": {"uv": [2.5, 15.5, 4, 16], "texture": "#0"},
				"up": {"uv": [2.5, 15.5, 1.5, 14], "texture": "#0"},
				"down": {"uv": [3.5, 14, 2.5, 15.5], "texture": "#0"}
			}
		},
		{
			"name": "left",
			"from": [10.75, 16.5, 8.5],
			"to": [11.75, 18.5, 11.5],
			"rotation": {"angle": 22.5, "axis": "y", "origin": [10.75, 18.5, 10.5]},
			"faces": {
				"north": {"uv": [1.5, 13, 2, 14], "texture": "#0"},
				"east": {"uv": [0, 13, 1.5, 14], "texture": "#0"},
				"south": {"uv": [3.5, 13, 4, 14], "texture": "#0"},
				"west": {"uv": [2, 13, 3.5, 14], "texture": "#0"},
				"up": {"uv": [2, 13, 1.5, 11.5], "texture": "#0"},
				"down": {"uv": [2.5, 11.5, 2, 13], "texture": "#0"}
			}
		},
		{
			"name": "right",
			"from": [4.3125, 16.5, 8.0625],
			"to": [5.3125, 18.5, 11.0625],
			"rotation": {"angle": -22.5, "axis": "y", "origin": [4.3125, 18.5, 10.0625]},
			"faces": {
				"north": {"uv": [1.5, 13, 2, 14], "texture": "#0"},
				"east": {"uv": [0, 13, 1.5, 14], "texture": "#0"},
				"south": {"uv": [3.5, 13, 4, 14], "texture": "#0"},
				"west": {"uv": [2, 13, 3.5, 14], "texture": "#0"},
				"up": {"uv": [2, 13, 1.5, 11.5], "texture": "#0"},
				"down": {"uv": [2.5, 11.5, 2, 13], "texture": "#0"}
			}
		},
		{
			"name": "top",
			"from": [7, 20.5, 8],
			"to": [9, 21.5, 11],
			"rotation": {"angle": -22.5, "axis": "x", "origin": [8, 21.5, 10]},
			"faces": {
				"north": {"uv": [1.5, 15.5, 2.5, 16], "texture": "#0"},
				"east": {"uv": [0, 15.5, 1.5, 16], "texture": "#0"},
				"south": {"uv": [4, 15.5, 5, 16], "texture": "#0"},
				"west": {"uv": [2.5, 15.5, 4, 16], "texture": "#0"},
				"up": {"uv": [2.5, 15.5, 1.5, 14], "texture": "#0"},
				"down": {"uv": [3.5, 14, 2.5, 15.5], "texture": "#0"}
			}
		},
		{
			"name": "face",
			"from": [4, 14, 11],
			"to": [12, 22, 14],
			"rotation": {"angle": 0, "axis": "y", "origin": [15, 23, 16]},
			"faces": {
				"north": {"uv": [6.5, 12, 10.5, 16], "texture": "#0"},
				"east": {"uv": [5, 12, 6.5, 16], "texture": "#0"},
				"south": {"uv": [12, 12, 16, 16], "texture": "#0"},
				"west": {"uv": [10.5, 12, 12, 16], "texture": "#0"},
				"up": {"uv": [10.5, 12, 6.5, 10.5], "texture": "#0"},
				"down": {"uv": [14.5, 10.5, 10.5, 12], "texture": "#0"}
			}
		},
		{
			"name": "back",
			"from": [5, 15, 5],
			"to": [11, 21, 11],
			"rotation": {"angle": 0, "axis": "y", "origin": [15, 23, 15]},
			"faces": {
				"north": {"uv": [7, 6.5, 10, 9.5], "texture": "#0"},
				"east": {"uv": [4, 6.5, 7, 9.5], "texture": "#0"},
				"south": {"uv": [13, 6.5, 16, 9.5], "texture": "#0"},
				"west": {"uv": [10, 6.5, 13, 9.5], "texture": "#0"},
				"up": {"uv": [10, 6.5, 7, 3.5], "texture": "#0"},
				"down": {"uv": [13, 3.5, 10, 6.5], "texture": "#0"}
			}
		},
		{
			"name": "back_2",
			"from": [6, 16, 3],
			"to": [10, 21, 5],
			"rotation": {"angle": 0, "axis": "y", "origin": [15, 23, 9]},
			"faces": {
				"north": {"uv": [11, 1, 13, 3.5], "texture": "#0"},
				"east": {"uv": [10, 1, 11, 3.5], "texture": "#0"},
				"south": {"uv": [14, 1, 16, 3.5], "texture": "#0"},
				"west": {"uv": [13, 1, 14, 3.5], "texture": "#0"},
				"up": {"uv": [13, 1, 11, 0], "texture": "#0"},
				"down": {"uv": [15, 0, 13, 1], "texture": "#0"}
			}
		},
		{
			"name": "back_3",
			"from": [7, 17, 2],
			"to": [9, 20, 3],
			"rotation": {"angle": 0, "axis": "y", "origin": [15, 23, 7]},
			"faces": {
				"north": {"uv": [7.5, 0.5, 8.5, 2], "texture": "#0"},
				"east": {"uv": [7, 0.5, 7.5, 2], "texture": "#0"},
				"south": {"uv": [9, 0.5, 10, 2], "texture": "#0"},
				"west": {"uv": [8.5, 0.5, 9, 2], "texture": "#0"},
				"up": {"uv": [8.5, 0.5, 7.5, 0], "texture": "#0"},
				"down": {"uv": [9.5, 0, 8.5, 0.5], "texture": "#0"}
			}
		},
		{
			"name": "spike",
			"from": [7, 18, 1],
			"to": [9, 20, 2],
			"rotation": {"angle": 0, "axis": "y", "origin": [15, 23, 6]},
			"faces": {
				"north": {"uv": [4.5, 0.5, 5.5, 1.5], "texture": "#0"},
				"east": {"uv": [4, 0.5, 4.5, 1.5], "texture": "#0"},
				"south": {"uv": [6, 0.5, 7, 1.5], "texture": "#0"},
				"west": {"uv": [5.5, 0.5, 6, 1.5], "texture": "#0"},
				"up": {"uv": [5.5, 0.5, 4.5, 0], "texture": "#0"},
				"down": {"uv": [6.5, 0, 5.5, 0.5], "texture": "#0"}
			}
		},
		{
			"name": "handle",
			"from": [7, -14, 7],
			"to": [9, 15, 9],
			"rotation": {"angle": 0, "axis": "y", "origin": [15, 0, 15]},
			"faces": {
				"north": {"uv": [1, 1, 2, 15.5], "texture": "#0"},
				"east": {"uv": [0, 1, 1, 15.5], "texture": "#0"},
				"south": {"uv": [3, 1, 4, 15.5], "texture": "#0"},
				"west": {"uv": [2, 1, 3, 15.5], "texture": "#0"},
				"up": {"uv": [2, 1, 1, 0], "texture": "#0"},
				"down": {"uv": [3, 0, 2, 1], "texture": "#0"}
			}
		},
		{
			"name": "pommel",
			"from": [6, -16, 6],
			"to": [10, -12, 10],
			"shade": false,
			"rotation": {"angle": 45, "axis": "x", "origin": [8, -14, 8]},
			"faces": {
				"north": {"uv": [10, 7, 8, 9], "texture": "#0"},
				"east": {"uv": [15, 13, 13, 15], "texture": "#0"},
				"south": {"uv": [14, 7, 12, 9], "texture": "#0"},
				"west": {"uv": [15.5, 12.5, 13.5, 14.5], "texture": "#0"},
				"up": {"uv": [8, 7, 10, 5], "texture": "#0"},
				"down": {"uv": [10, 7, 12, 9], "texture": "#0"}
			}
		},
		{
			"name": "flame1",
			"from": [8, 20, 4],
			"to": [8, 29, 10],
			"rotation": {"angle": 45, "axis": "y", "origin": [8, 22, 7]},
			"faces": {
				"north": {"uv": [0, 0, 0, 9], "texture": "#1"},
				"east": {"uv": [0, 0, 6, 9], "texture": "#1"},
				"south": {"uv": [0, 0, 0, 9], "texture": "#1"},
				"west": {"uv": [0, 0, 6, 9], "texture": "#1"},
				"up": {"uv": [0, 0, 0, 6], "texture": "#1"},
				"down": {"uv": [0, 0, 0, 6], "texture": "#1"}
			}
		},
		{
			"name": "flame2",
			"from": [5, 20, 7],
			"to": [11, 29, 7],
			"rotation": {"angle": 45, "axis": "y", "origin": [8, 22, 7]},
			"faces": {
				"north": {"uv": [0, 0, 6, 9], "texture": "#1"},
				"east": {"uv": [0, 0, 0, 9], "texture": "#1"},
				"south": {"uv": [0, 0, 6, 9], "texture": "#1"},
				"west": {"uv": [0, 0, 0, 9], "texture": "#1"},
				"up": {"uv": [6, 0, 0, 0], "texture": "#1"},
				"down": {"uv": [6, 0, 0, 0], "texture": "#1"}
			}
		},
		{
			"name": "flame_vent1",
			"from": [7.5, 21, 4],
			"to": [8.5, 22, 10],
			"rotation": {"angle": 45, "axis": "y", "origin": [8, 23, 7]},
			"faces": {
				"north": {"uv": [4.5, 0.5, 5.5, 1.5], "texture": "#0"},
				"east": {"uv": [4, 0.5, 4.5, 1.5], "texture": "#0"},
				"south": {"uv": [6, 0.5, 7, 1.5], "texture": "#0"},
				"west": {"uv": [5.5, 0.5, 6, 1.5], "texture": "#0"},
				"up": {"uv": [5.5, 0.5, 4.5, 0], "texture": "#0"},
				"down": {"uv": [6.5, 0, 5.5, 0.5], "texture": "#0"}
			}
		},
		{
			"name": "flame_vent2",
			"from": [7.5, 21, 4],
			"to": [8.5, 22, 10],
			"rotation": {"angle": -45, "axis": "y", "origin": [8, 23, 7]},
			"faces": {
				"north": {"uv": [4.5, 0.5, 5.5, 1.5], "texture": "#0"},
				"east": {"uv": [4, 0.5, 4.5, 1.5], "texture": "#0"},
				"south": {"uv": [6, 0.5, 7, 1.5], "texture": "#0"},
				"west": {"uv": [5.5, 0.5, 6, 1.5], "texture": "#0"},
				"up": {"uv": [5.5, 0.5, 4.5, 0], "texture": "#0"},
				"down": {"uv": [6.5, 0, 5.5, 0.5], "texture": "#0"}
			}
		}
	],
	"display": {
		"thirdperson_righthand": {
			"rotation": [0, 180, 0],
			"translation": [0, 7, 1.5]
		},
		"thirdperson_lefthand": {
			"rotation": [0, -180, 0],
			"translation": [0, 7, 1.5]
		},
		"firstperson_righthand": {
			"rotation": [0, -180, 0],
			"translation": [0, 2, 0],
			"scale": [0.5, 0.5, 0.5]
		},
		"firstperson_lefthand": {
			"rotation": [0, 180, 0],
			"translation": [0, 2, 0],
			"scale": [0.5, 0.5, 0.5]
		},
		"ground": {
			"rotation": [180, 0, 0],
			"translation": [0, 15, 0]
		},
		"gui": {
			"rotation": [90, -44, 90],
			"translation": [-0.75, 0.5, 0],
			"scale": [0.4, 0.4, 0.4]
		},
		"fixed": {
			"rotation": [0, 90, 0],
			"scale": [0.5, 0.5, 0.5]
		}
	},
	"groups": [
		{
			"name": "head_braces",
			"origin": [8, 29.5, 10],
			"color": 0,
			"children": [0, 1, 2, 3]
		},
		{
			"name": "head",
			"origin": [15, 31, 15],
			"color": 0,
			"children": [4, 5, 6, 7, 8]
		},
		{
			"name": "handle_pommel",
			"origin": [15, 8, 15],
			"color": 0,
			"children": [9, 10]
		},
		{
			"name": "flames",
			"origin": [8, 8, 8],
			"color": 0,
			"children": [11, 12, 13, 14]
		}
	]
}