{
    "display": {
        "title": {
            "text": "Accursed",
            "color": "dark_purple"
        },
        "description": {
            "text": "Access the Second Level of Death Magic",
            "color": "light_green"
        },
        "icon": {
            "item": "minecraft:bone",
            "nbt": "{CustomModelData:1014}"
        },
        "frame": "task",
        "show_toast": true,
        "announce_to_chat": true,
        "hidden": false
    },
    "criteria": {
        "founddeathbook": {
            "trigger": "minecraft:inventory_changed",
            "conditions": {
                "items": [
                    {
                        "item": "minecraft:written_book",
                        "nbt": "{death_book:2}"
                    }
                ]
            }
        }
    },
    "parent": "rpg:deathlevel1"
}
