{
    "display": {
        "title": {
            "text": "Haunted",
            "color": "dark_purple"
        },
        "description": {
            "text": "Find the Book of the Dead",
            "color": "light_green"
        },
        "icon": {
            "item": "minecraft:rotten_flesh",
            "nbt": "{CustomModelData:1013}"
        },
        "frame": "task",
        "show_toast": true,
        "announce_to_chat": true,
        "hidden": false
    },
    "criteria": {
        "founddeathbook": {
            "trigger": "minecraft:inventory_changed",
            "conditions": {
                "items": [
                    {
                        "item": "minecraft:written_book",
                        "nbt": "{death_book:1}"
                    }
                ]
            }
        }
    },
    "parent": "rpg:root"
}
