{
    "display": {
        "title": {
            "text": "The Mystic Arts",
            "color": "light_purple"
        },
        "description": {
            "text": "This World Contains Magic You Might Someday Understand",
            "color": "light_green"
        },
        "icon": {
            "item": "minecraft:enchanted_book"
        },
        "frame": "task",
        "show_toast": true,
        "announce_to_chat": true,
        "hidden": false,
        "background": "spells:textures/gui/advancements/backgrounds/stars.png"
    },
    "criteria": {
        "founddeathbook": {
            "trigger": "minecraft:inventory_changed",
            "conditions": {
                "items": [
                    {
                        "item": "minecraft:written_book",
                        "nbt": "{death_book_undis:1}"
                    }
                ]
            }
        },
        "foundfirebook": {
            "trigger": "minecraft:inventory_changed",
            "conditions": {
                "items": [
                    {
                        "item": "minecraft:written_book",
                        "nbt": "{fire_book_undis:1}"
                    }
                ]
            }
        },
        "founddruidbook": {
            "trigger": "minecraft:inventory_changed",
            "conditions": {
                "items": [
                    {
                        "item": "minecraft:written_book",
                        "nbt": "{druid_book_undis:1}"
                    }
                ]
            }
        },
        "foundholybook": {
            "trigger": "minecraft:inventory_changed",
            "conditions": {
                "items": [
                    {
                        "item": "minecraft:written_book",
                        "nbt": "{holy_book_undis:1}"
                    }
                ]
            }
        },
        "foundbloodbook": {
            "trigger": "minecraft:inventory_changed",
            "conditions": {
                "items": [
                    {
                        "item": "minecraft:written_book",
                        "nbt": "{blood_book_undis:1}"
                    }
                ]
            }
        },
        "foundvoidbook": {
            "trigger": "minecraft:inventory_changed",
            "conditions": {
                "items": [
                    {
                        "item": "minecraft:written_book",
                        "nbt": "{void_book_undis:1}"
                    }
                ]
            }
        },
        "foundarcanebook": {
            "trigger": "minecraft:inventory_changed",
            "conditions": {
                "items": [
                    {
                        "item": "minecraft:written_book",
                        "nbt": "{arcane_book_undis:1}"
                    }
                ]
            }
        },
        "foundfrostbook": {
            "trigger": "minecraft:inventory_changed",
            "conditions": {
                "items": [
                    {
                        "item": "minecraft:written_book",
                        "nbt": "{frost_book_undis:1}"
                    }
                ]
            }
        }
    },
    "requirements": [
        [
            "founddeathbook",
            "foundfirebook",
            "founddruidbook",
            "foundholybook",
            "foundbloodbook",
            "foundvoidbook",
            "foundarcanebook",
            "foundfrostbook"
        ]
    ]
}
